-- MySQL dump 10.13  Distrib 5.7.20, for Linux (x86_64)
--
-- Host: localhost    Database: ethereum
-- ------------------------------------------------------
-- Server version	5.7.20-0ubuntu0.16.04.1

/*!40101 SET @OLD_CHARACTER_SET_CLIENT=@@CHARACTER_SET_CLIENT */;
/*!40101 SET @OLD_CHARACTER_SET_RESULTS=@@CHARACTER_SET_RESULTS */;
/*!40101 SET @OLD_COLLATION_CONNECTION=@@COLLATION_CONNECTION */;
/*!40101 SET NAMES utf8 */;
/*!40103 SET @OLD_TIME_ZONE=@@TIME_ZONE */;
/*!40103 SET TIME_ZONE='+00:00' */;
/*!40014 SET @OLD_UNIQUE_CHECKS=@@UNIQUE_CHECKS, UNIQUE_CHECKS=0 */;
/*!40014 SET @OLD_FOREIGN_KEY_CHECKS=@@FOREIGN_KEY_CHECKS, FOREIGN_KEY_CHECKS=0 */;
/*!40101 SET @OLD_SQL_MODE=@@SQL_MODE, SQL_MODE='NO_AUTO_VALUE_ON_ZERO' */;
/*!40111 SET @OLD_SQL_NOTES=@@SQL_NOTES, SQL_NOTES=0 */;

--
-- Table structure for table `address`
--

DROP TABLE IF EXISTS `address`;
/*!40101 SET @saved_cs_client     = @@character_set_client */;
/*!40101 SET character_set_client = utf8 */;
CREATE TABLE `address` (
  `id` int(11) NOT NULL AUTO_INCREMENT,
  `user_id` int(11) NOT NULL,
  `address` varchar(255) NOT NULL,
  `date_of_creation` timestamp NOT NULL DEFAULT CURRENT_TIMESTAMP,
  `date_of_updation` timestamp NOT NULL DEFAULT CURRENT_TIMESTAMP ON UPDATE CURRENT_TIMESTAMP,
  `coin_type` enum('b','e','l') NOT NULL,
  `public` varchar(255) NOT NULL,
  `private` varchar(255) NOT NULL,
  PRIMARY KEY (`id`)
) ENGINE=InnoDB AUTO_INCREMENT=163 DEFAULT CHARSET=latin1;
/*!40101 SET character_set_client = @saved_cs_client */;

--
-- Dumping data for table `address`
--

LOCK TABLES `address` WRITE;
/*!40000 ALTER TABLE `address` DISABLE KEYS */;
INSERT INTO `address` VALUES (24,13,'0x1e47765089c7fd098bc2106B0392D49c602e9D3f','2017-12-19 22:09:31','2017-12-22 07:04:04','e','',''),(30,19,'0x7315f44b889b96c7d79e7ab459d61d35d3f33ac1','2017-12-22 07:07:50','2017-12-22 07:07:50','e','',''),(31,20,'0x79a85ebd0d7d63b46963397f1ab377a43121652c','2017-12-22 08:02:04','2017-12-22 08:02:04','e','',''),(32,21,'0xf0622c257639fb4e03a774b3757375cfda364659','2017-12-22 08:03:26','2017-12-22 08:03:26','e','',''),(33,22,'0x5726e176f2e6ed9f66812253cd59794c481b9419','2017-12-22 08:05:22','2017-12-22 08:05:22','e','',''),(34,23,'0xaaaf117153818be445796367808d2592d54eea74','2017-12-22 08:07:49','2017-12-22 08:07:49','e','',''),(35,24,'0xd0eba562e83fadf9e5e89d276dbe8bbdb7717090','2017-12-22 09:00:50','2017-12-22 09:00:50','e','',''),(36,25,'0xabc31b95b9548e9aad0da6b64da37b40b244b665','2017-12-22 09:01:48','2017-12-22 09:01:48','e','',''),(37,26,'0xf3cc28b1d8d9940dfb68a7a1051f3afd3b42aa14','2017-12-22 09:03:20','2017-12-22 09:03:20','e','',''),(38,27,'0xc329e43dab81d6feb5982050b293b19cb77f6a94','2017-12-22 09:24:23','2017-12-22 09:24:23','e','',''),(39,28,'0xb35dc0e107002a6357ced7f609f71a8ea7a2c199','2017-12-22 09:31:53','2017-12-22 09:31:53','e','',''),(40,29,'0x54991ffad156bb9a10ed8c10b9f06a4e8275da45','2017-12-22 18:08:24','2017-12-22 18:08:24','e','',''),(41,30,'0xeca4f493d480c24cebb69d71809e5c3668cbdf59','2017-12-22 18:14:41','2017-12-22 18:14:41','e','',''),(42,31,'0x2758a63ecaeae595cbe38bfc251b71adf6e05f0f','2017-12-23 04:55:50','2017-12-23 04:55:50','e','',''),(43,32,'0x85dbaef259cfe66859b7d33f3b17f58cba18b39e','2017-12-23 05:43:37','2017-12-23 05:43:37','e','',''),(44,33,'0x338595ae13c4cba5c1ab4cd53af2d1acd3948160','2017-12-23 06:37:02','2017-12-23 06:37:02','e','',''),(45,34,'0xde7dbc35416144ae130ff98bf83e94c36c51f218','2017-12-23 06:55:16','2017-12-23 06:55:16','e','',''),(46,35,'0x037347796c7b3039e4cd60c7a60d1a56a9d742d6','2017-12-23 07:16:07','2017-12-23 07:16:07','e','',''),(47,36,'0x17598f08d582c73485b3ba50b22ebdfa96d266c8','2017-12-23 10:59:10','2017-12-23 10:59:10','e','',''),(48,37,'0xf1edd4730f59da834034c2f95109497284049a5f','2017-12-23 12:36:36','2017-12-23 12:36:36','e','',''),(49,38,'0x4d152ae2bb1b19b570fa5b2150e7fb2a663fac90','2017-12-23 12:39:36','2017-12-23 12:39:36','e','',''),(50,39,'0x86ec4552871ab2c352a95c46026a97e7e31e2340','2017-12-23 13:44:54','2017-12-23 13:44:54','e','',''),(51,40,'0x6b64274e9064213de0fcd491842bb9a463752df6','2017-12-23 13:53:14','2017-12-23 13:53:14','e','',''),(52,41,'0x098ed3782e469a1593fd982faf2976743b6fcdbb','2017-12-23 15:46:27','2017-12-23 15:46:27','e','',''),(53,42,'0xd222216224d23f8c8997a4f187da0bc437e4c0cc','2017-12-24 07:00:13','2017-12-24 07:00:13','e','',''),(54,43,'0x531b03b298eb7bfba531c1bb3f9a2997cd1a3f01','2017-12-24 07:37:42','2017-12-24 07:37:42','e','',''),(55,44,'0x71a26788e7479012030ac95644a18a49384c892c','2017-12-24 09:10:12','2017-12-24 09:10:12','e','',''),(56,45,'0xc873ed5b4496d2ba54c6a93c9832702262796388','2017-12-24 09:46:36','2017-12-24 09:46:36','e','',''),(57,46,'0xb0f09e23a01b48d42c518c3ed14f7a3867a4fa0a','2017-12-24 09:49:05','2017-12-24 09:49:05','e','',''),(58,47,'0x735cb64ffccc54421401b67809cbf20ff71aa48a','2017-12-25 05:47:36','2017-12-25 05:47:36','e','',''),(59,48,'0x7884589eb975160c139feed7da1ea7f363d777ce','2017-12-25 07:40:20','2017-12-25 07:40:20','e','',''),(60,49,'0xea2bd7d8a5a264eba4706b8354e144b435a152d5','2017-12-25 08:12:11','2017-12-25 08:12:11','e','',''),(61,50,'0x1439698da19bd0a7b55ae264e839889bbe3e97d6','2017-12-25 10:05:58','2017-12-25 10:05:58','e','',''),(62,51,'0x6c9277f5cced9cb8bf4d0bdc57e3e12bcdbdaae4','2017-12-25 11:17:36','2017-12-25 11:17:36','e','',''),(63,52,'0x3287a1dc5e9cbfeb7771418f2a27e9aaba4d232a','2017-12-25 12:13:43','2017-12-25 12:13:43','e','',''),(64,53,'0x028ceadb81b4d9ae30e5a695e4e4752b530a5d07','2017-12-25 12:13:45','2017-12-25 12:13:45','e','',''),(65,54,'0x1364a44f5e7a703b3ffde052d6d00bc0c84d8efb','2017-12-25 12:49:00','2017-12-25 12:49:00','e','',''),(66,55,'0xc0384e842872c93a7a7996c484b645a885598549','2017-12-25 13:00:47','2017-12-25 13:00:47','e','',''),(67,56,'0x4b398161d7e950566d0c3d5bdf7602b8df5a6d51','2017-12-25 13:08:21','2017-12-25 13:08:21','e','',''),(68,57,'0x2d22fabe922d96149ad7a2891f530572604a0c4e','2017-12-25 13:15:23','2017-12-25 13:15:23','e','',''),(69,58,'0xd37a1f9d4112615edaef90d21bcde05c86d3ad28','2017-12-25 13:36:04','2017-12-25 13:36:04','e','',''),(70,59,'0x1f5f6a98d51f7ab29d21b3150e9da16a007bcd28','2017-12-26 06:06:46','2017-12-26 06:06:46','e','',''),(71,60,'0xbc2e4af5d809e4f542f3cdc7b90737186253f809','2017-12-26 09:04:03','2017-12-26 09:04:03','e','',''),(72,61,'0xe1e3fe34881f5b904d8985a0f1a004b6a097b96c','2017-12-26 11:17:13','2017-12-26 11:17:13','e','',''),(73,62,'0x19fc8e2654a1ab2e28bb9ffe6bbe55be64216771','2017-12-26 11:30:36','2017-12-26 11:30:36','e','',''),(74,63,'0xff236f7c000bd7caaede5b0aefc7b3ddfd57e302','2017-12-27 07:14:14','2017-12-27 07:14:14','e','',''),(75,64,'0xa5845cfe0a7140c21c6d88ecf46ba91e08b3bbcf','2017-12-27 11:52:41','2017-12-27 11:52:41','e','',''),(76,65,'0x1451a481f835275dfb697b1c5de2b4f901deeae1','2017-12-27 12:52:08','2017-12-27 12:52:08','e','',''),(77,66,'0xbcf912803373aae5b5b0349e345d75625522e29c','2017-12-27 14:31:07','2017-12-27 14:31:07','e','',''),(78,67,'0x2cb387fe0373fbed64dccd8a3519b3ec564a4220','2017-12-28 05:03:02','2017-12-28 05:03:02','e','',''),(79,68,'','2017-12-30 04:14:11','2017-12-30 04:14:11','e','',''),(80,69,'','2017-12-30 04:40:35','2017-12-30 04:40:35','e','',''),(81,70,'','2017-12-30 05:48:04','2017-12-30 05:48:04','e','',''),(82,71,'','2017-12-30 05:56:55','2017-12-30 05:56:55','e','',''),(83,72,'','2017-12-30 08:03:13','2017-12-30 08:03:13','e','',''),(84,73,'','2017-12-30 08:16:10','2017-12-30 08:16:10','e','',''),(85,74,'','2017-12-30 08:32:54','2017-12-30 08:32:54','e','',''),(86,75,'0x6b6ed4f2f6b026d7cd6e5b88c03be66658d180ee','2017-12-30 13:59:02','2017-12-30 13:59:02','e','',''),(87,76,'0x2bb50f2d886c657bf33143cf3da30421f0517300','2017-12-30 18:12:03','2017-12-30 18:12:03','e','',''),(88,77,'0x8c12070051b1e0d9e9eff06d1684c774f374b2e9','2017-12-31 08:32:37','2017-12-31 08:32:37','e','',''),(89,78,'0x4a35f46d6f50f9a38c57775578914a607914a548','2017-12-31 08:58:36','2017-12-31 08:58:36','e','',''),(90,79,'0x963198b0168d2dcbe702edb949bb32aaaaa6db2d','2017-12-31 09:08:26','2017-12-31 09:08:26','e','',''),(91,80,'0x2620e11a188fa6e38745c72f39a3c3cb93456f19','2017-12-31 15:09:47','2017-12-31 15:09:47','e','',''),(92,81,'0x9ba589e44915848d60000ea424e0e8bea3b267d5','2017-12-31 15:22:45','2017-12-31 15:22:45','e','',''),(93,82,'0xce91671fa8532d34ff574cda5be8fd823ee7e0f9','2017-12-31 17:22:58','2017-12-31 17:22:58','e','',''),(94,83,'0xf4b51395e427584ed54f7859828496d8f1d629f2','2017-12-31 17:26:25','2017-12-31 17:26:25','e','',''),(95,84,'0xd5281833a5660d57e775c42fa15f1c15c30b0eb3','2018-01-01 07:58:09','2018-01-01 07:58:09','e','',''),(96,85,'0xa5fd1b9cb61b76fa83b1e944b28789ad00ed4a29','2018-01-01 08:58:46','2018-01-01 08:58:46','e','',''),(97,86,'0x13493b03d27d3f0a0ce94aaa15796513352d84e5','2018-01-01 13:02:19','2018-01-01 13:02:19','e','',''),(98,87,'0x326e61572626fd4cbdfd8f3258fd984f4720e176','2018-01-02 07:54:22','2018-01-02 07:54:22','e','',''),(99,88,'0xa87e4588d3b09cb81c96f7357d3c9926f14dc81b','2018-01-03 06:30:36','2018-01-03 06:30:36','e','',''),(100,89,'0x429e6c36c63f8d653ec6d71a72505469a03893d6','2018-01-03 08:49:51','2018-01-03 08:49:51','e','',''),(101,90,'0x1410fe7638abd07c6b8d30d9048f5f9e95307e5f','2018-01-03 11:50:02','2018-01-03 11:50:02','e','',''),(102,91,'0x2dfa76e331501dc8427957f7a893dcf3a5e24978','2018-01-04 06:03:01','2018-01-04 06:03:01','e','',''),(103,92,'0x3e04c4e2baf9d4b0f06926a0797e513a024a1d0c','2018-01-04 07:09:17','2018-01-04 07:09:17','e','',''),(104,93,'0xc03c13773577a73bf3e46b38dc228d8b1d3c7a9a','2018-01-04 07:19:38','2018-01-04 07:19:38','e','',''),(105,94,'0x98f63110f12e50ab9d768c454886714aed64d1d4','2018-01-04 08:09:03','2018-01-04 08:09:03','e','',''),(106,95,'0x33f06f677c19eeb267a4968fddf2fb397268e385','2018-01-04 08:46:35','2018-01-04 08:46:35','e','',''),(107,96,'0xcf1936ce3929f72ec95fde3271411d64ad1b1bbc','2018-01-04 08:53:33','2018-01-04 08:53:33','e','',''),(108,97,'0x9922f6490111c78eff55be1576022795f49c7eb3','2018-01-04 09:46:45','2018-01-04 09:46:45','e','',''),(109,98,'0xd34e75f52843cfc8f2d6d45c88c9e2a928c10e8a','2018-01-04 10:21:08','2018-01-04 10:21:08','e','',''),(110,99,'0xd350704c422af1584453c12be524a522d68690d5','2018-01-04 10:25:07','2018-01-04 10:25:07','e','',''),(111,100,'0xc8f3751b0bf891f5d7afadbea82cceca9d4091be','2018-01-04 10:56:37','2018-01-04 10:56:37','e','',''),(112,101,'0x84879c418a040f9a8b91748d0eccdf5e91812689','2018-01-04 11:35:46','2018-01-04 11:35:46','e','',''),(113,102,'0x20b3b0a8c85a3ef1fea0cf4cf6faad413a83fc10','2018-01-04 11:47:00','2018-01-04 11:47:00','e','',''),(114,103,'0x2347664689513531dae1fad02cee626749c9748e','2018-01-04 12:26:27','2018-01-04 12:26:27','e','',''),(115,104,'0xbdce493e518ad2995ed1990853edc7fe1fb236f3','2018-01-04 14:10:55','2018-01-04 14:10:55','e','',''),(116,105,'0x1ee2131b9d8a3e9bf334366d66a45c45c25a7edf','2018-01-04 15:25:33','2018-01-04 15:25:33','e','',''),(117,106,'0x526e159fa7832f5e17d00c2b4855bcc6cd10d683','2018-01-05 07:11:33','2018-01-05 07:11:33','e','',''),(118,107,'0x14ab742f46192be8c7c2328b2f61e133885fe5d2','2018-01-05 07:50:47','2018-01-05 07:50:47','e','',''),(119,108,'0x2fe0e09ca4a81e543b60099485f6b589efeb8435','2018-01-05 07:52:02','2018-01-05 07:52:02','e','',''),(120,109,'0xc110f36fa8080d6cc0f33dd7a032ff2c269a24d1','2018-01-05 11:51:53','2018-01-05 11:51:53','e','',''),(121,110,'0x8789b7e3f774a241bf9e6ff68341c20df083d131','2018-01-05 15:22:19','2018-01-05 15:22:19','e','',''),(122,111,'0x105c07e437de291c89b0a0fdde64318b5b00291e','2018-01-06 07:18:20','2018-01-06 07:18:20','e','',''),(123,112,'0xcbd34de46ea464d9b6cad8315700c921f0de0a3a','2018-01-06 07:22:30','2018-01-06 07:22:30','e','',''),(124,113,'0x828993589c50f1329cd04631433924bf6b2a7105','2018-01-06 11:33:55','2018-01-06 11:33:55','e','',''),(125,114,'0x8d839330ab2a024fe326374d7b57259ab3c842bf','2018-01-06 12:45:31','2018-01-06 12:45:31','e','',''),(126,115,'0xcd9ab4f5f454e177050633d421b75e0c2e001142','2018-01-06 15:03:42','2018-01-06 15:03:42','e','',''),(127,116,'0x4516b1ae00bb335d2982af739aee12b071c06131','2018-01-07 06:37:49','2018-01-07 06:37:49','e','',''),(128,117,'0x53abbfc2133b6e9cb6fb6055713379c19768be24','2018-01-07 06:41:51','2018-01-07 06:41:51','e','',''),(129,118,'0x7cdaca4247ea47a0d423712fd91367f1383355a9','2018-01-07 06:44:12','2018-01-07 06:44:12','e','',''),(130,119,'0x4e5dec7300b47ad544788267c6eb560782bed6d2','2018-01-07 07:49:30','2018-01-07 07:49:30','e','',''),(131,120,'0xef7bd5ff08b214788a25d5f19f4076753b3d652c','2018-01-07 08:00:30','2018-01-07 08:00:30','e','',''),(132,121,'0x5a84e03bbda7f81c415e6df2fd5f70fe1fc66aaa','2018-01-07 09:13:04','2018-01-07 09:13:04','e','',''),(133,122,'0xc4ceb96fde5bdcf60a0aea18ae62621126108c11','2018-01-07 10:05:55','2018-01-07 10:05:55','e','',''),(134,123,'0x0fb6be3dbc168ae79a10cbe0047d5d1724bee343','2018-01-07 10:38:02','2018-01-07 10:38:02','e','',''),(135,124,'0x5eb550d4e508686761e3d86b62c7e84727c196d9','2018-01-07 13:36:12','2018-01-07 13:36:12','e','',''),(136,125,'0xfb8fe402937542fb0d3f7c545e41a542606c7cc6','2018-01-08 06:02:32','2018-01-08 06:02:32','e','',''),(137,126,'0x2018e99ce3384478bc5996a37bf244a6625a8add','2018-01-08 06:39:53','2018-01-08 06:39:53','e','',''),(138,127,'0xd53e77d31ca1be8db5e289ca4c7ec39057afa661','2018-01-08 08:20:35','2018-01-08 08:20:35','e','',''),(139,128,'0xe747e45ae885fc999781f6a9ded5b245b8d5d4fd','2018-01-08 08:37:11','2018-01-08 08:37:11','e','',''),(140,129,'0xf4953186ee2302373c232d9d7a61a09761391d9b','2018-01-08 08:55:36','2018-01-08 08:55:36','e','',''),(141,130,'0x1f5e25f406567f61fe25881304945bf8f2cbf1ae','2018-01-08 08:56:14','2018-01-08 08:56:14','e','',''),(142,131,'0x8da0b2eda25e845a802afe989a04bea265ed825f','2018-01-08 08:59:29','2018-01-08 08:59:29','e','',''),(143,132,'0x0861fbe305267d8024d2a1e7cdd48bb1bb61a2b3','2018-01-08 09:05:36','2018-01-08 09:05:36','e','',''),(144,133,'0x1982c00e4bd859b8bc0e4185eef0662bfd9786c7','2018-01-08 09:21:38','2018-01-08 09:21:38','e','',''),(145,134,'0x60a491c6496d5f0370cdfc2d1ef88cc7635e7399','2018-01-08 09:29:36','2018-01-08 09:29:36','e','',''),(146,135,'0xc24db104009eb1139c70f8d642134313247e89aa','2018-01-08 09:38:59','2018-01-08 09:38:59','e','',''),(147,136,'0x370dcb6dfec53734baf2d83eff60400401266ac6','2018-01-08 09:39:05','2018-01-08 09:39:05','e','',''),(148,137,'0x6674b9ad6bccbb8a45bd482aae5becdcc98591e0','2018-01-08 09:45:26','2018-01-08 09:45:26','e','',''),(149,138,'0x50941e25aa5f93bc1aeb1f3c1b25756edd503c3c','2018-01-08 09:52:16','2018-01-08 09:52:16','e','',''),(150,139,'0x5548b9e750abe9194c38823f8595392d7dfa0368','2018-01-08 09:54:26','2018-01-08 09:54:26','e','',''),(151,140,'0xe779b208c30622782732902d0d96875704d6fa83','2018-01-08 10:33:18','2018-01-08 10:33:18','e','',''),(152,141,'0x6d2e958b45f73cf9a3aa8d589bfed6222eeb33ae','2018-01-08 12:49:59','2018-01-08 12:49:59','e','',''),(153,142,'0x8a389fd98a4abffeeb3ea987fdc6d67f88f0e6b4','2018-01-08 15:36:10','2018-01-08 15:36:10','e','',''),(154,143,'0x15625777f76bb62dc3ac25e8d9a056c884b92934','2018-01-09 04:52:11','2018-01-09 04:52:11','e','',''),(155,144,'0x4415c263336aa38c23a4bf1cbc7d72b9600fcf21','2018-01-09 05:19:03','2018-01-09 05:19:03','e','',''),(156,145,'0x8eb009ef8776858727a81915625039e6a55bae56','2018-01-09 07:44:56','2018-01-09 07:44:56','e','',''),(157,146,'0xb11035f9d979157446bed72cf9697d8e3ed415c7','2018-01-09 08:52:38','2018-01-09 08:52:38','e','',''),(158,147,'0x76f7c8371846c0b932c1df2d621aeb5fe60a717a','2018-01-09 11:59:14','2018-01-09 11:59:14','e','',''),(159,148,'0xace02db1a67f7cde63f0666d2aa518f17a746b9b','2018-01-09 13:10:57','2018-01-09 13:10:57','e','',''),(160,149,'0xa95d66d54453562b6359c83910a9ab01989f12d3','2018-01-10 06:54:10','2018-01-10 06:54:10','e','',''),(161,150,'0x3a106e1156c476c83e70954a87880287593b4eeb','2018-01-10 07:32:00','2018-01-10 07:32:00','e','',''),(162,151,'0xbb526db2716c89e1675742a038c551663944a4e4','2018-01-10 07:44:49','2018-01-10 07:44:49','e','','');
/*!40000 ALTER TABLE `address` ENABLE KEYS */;
UNLOCK TABLES;

--
-- Table structure for table `admin`
--

DROP TABLE IF EXISTS `admin`;
/*!40101 SET @saved_cs_client     = @@character_set_client */;
/*!40101 SET character_set_client = utf8 */;
CREATE TABLE `admin` (
  `id` int(11) NOT NULL AUTO_INCREMENT,
  `username` varchar(100) NOT NULL,
  `password` varchar(255) NOT NULL,
  `date_of_creation` timestamp NOT NULL DEFAULT CURRENT_TIMESTAMP,
  PRIMARY KEY (`id`),
  KEY `id` (`id`),
  KEY `id_2` (`id`)
) ENGINE=InnoDB AUTO_INCREMENT=2 DEFAULT CHARSET=latin1;
/*!40101 SET character_set_client = @saved_cs_client */;

--
-- Dumping data for table `admin`
--

LOCK TABLES `admin` WRITE;
/*!40000 ALTER TABLE `admin` DISABLE KEYS */;
INSERT INTO `admin` VALUES (1,'admin','466dbedf95000da7195b8a6bc475c17e15df64ab41aaa745c5f54cdeee89a2e9','2017-11-25 10:48:06');
/*!40000 ALTER TABLE `admin` ENABLE KEYS */;
UNLOCK TABLES;

--
-- Table structure for table `coin_value`
--

DROP TABLE IF EXISTS `coin_value`;
/*!40101 SET @saved_cs_client     = @@character_set_client */;
/*!40101 SET character_set_client = utf8 */;
CREATE TABLE `coin_value` (
  `id` int(11) NOT NULL AUTO_INCREMENT,
  `value` float(15,6) NOT NULL,
  `currency` varchar(20) NOT NULL,
  `last_updated` timestamp NOT NULL DEFAULT CURRENT_TIMESTAMP ON UPDATE CURRENT_TIMESTAMP,
  PRIMARY KEY (`id`)
) ENGINE=InnoDB AUTO_INCREMENT=4 DEFAULT CHARSET=latin1;
/*!40101 SET character_set_client = @saved_cs_client */;

--
-- Dumping data for table `coin_value`
--

LOCK TABLES `coin_value` WRITE;
/*!40000 ALTER TABLE `coin_value` DISABLE KEYS */;
INSERT INTO `coin_value` VALUES (1,11787.500000,'btc','2017-12-05 10:57:14'),(2,467.221985,'eth','2017-12-05 10:57:14'),(3,321.721008,'ltc','2017-12-05 10:57:14');
/*!40000 ALTER TABLE `coin_value` ENABLE KEYS */;
UNLOCK TABLES;

--
-- Table structure for table `deposit`
--

DROP TABLE IF EXISTS `deposit`;
/*!40101 SET @saved_cs_client     = @@character_set_client */;
/*!40101 SET character_set_client = utf8 */;
CREATE TABLE `deposit` (
  `id` int(11) NOT NULL AUTO_INCREMENT,
  `address_id` int(11) NOT NULL,
  `transaction_id` varchar(100) NOT NULL,
  `user_id` int(11) NOT NULL,
  `date_of_creation` timestamp NOT NULL DEFAULT CURRENT_TIMESTAMP,
  `coin_type` enum('b','e','l') NOT NULL,
  PRIMARY KEY (`id`)
) ENGINE=InnoDB DEFAULT CHARSET=latin1;
/*!40101 SET character_set_client = @saved_cs_client */;

--
-- Dumping data for table `deposit`
--

LOCK TABLES `deposit` WRITE;
/*!40000 ALTER TABLE `deposit` DISABLE KEYS */;
/*!40000 ALTER TABLE `deposit` ENABLE KEYS */;
UNLOCK TABLES;

--
-- Table structure for table `external_transaction`
--

DROP TABLE IF EXISTS `external_transaction`;
/*!40101 SET @saved_cs_client     = @@character_set_client */;
/*!40101 SET character_set_client = utf8 */;
CREATE TABLE `external_transaction` (
  `id` int(11) NOT NULL AUTO_INCREMENT,
  `user_id` int(11) NOT NULL,
  `address` varchar(255) NOT NULL,
  `amount` float(15,7) NOT NULL,
  `date_of_creation` timestamp NOT NULL DEFAULT CURRENT_TIMESTAMP,
  `date_of_updation` timestamp NOT NULL DEFAULT CURRENT_TIMESTAMP ON UPDATE CURRENT_TIMESTAMP,
  `status` tinyint(1) NOT NULL DEFAULT '0',
  `transaction_id` varchar(100) NOT NULL,
  `fees` float(15,7) NOT NULL,
  `coin_type` enum('b','e','l') NOT NULL,
  PRIMARY KEY (`id`)
) ENGINE=InnoDB AUTO_INCREMENT=148 DEFAULT CHARSET=latin1;
/*!40101 SET character_set_client = @saved_cs_client */;

--
-- Dumping data for table `external_transaction`
--

LOCK TABLES `external_transaction` WRITE;
/*!40000 ALTER TABLE `external_transaction` DISABLE KEYS */;
INSERT INTO `external_transaction` VALUES (1,13,'0xE83698E55c4E685b0057044BD76773aE1EA19DB3',10000.0000000,'2017-12-21 13:57:13','2017-12-21 13:57:13',0,'',0.0010000,'e'),(2,13,'0xa89a067707d3fcc211d96a187a44a749beba2c2e',1000.0000000,'2017-12-21 15:36:39','2017-12-21 15:36:39',0,'',0.0010000,'e'),(3,13,'0xED7591FaF0C56c949B2a7FDFd1A572738d6cc87e',500.0000000,'2017-12-21 15:46:45','2017-12-21 15:46:45',0,'',0.0010000,'e'),(4,13,'0x7315f44b889b96c7d79e7ab459d61d35d3f33ac1',1000.0000000,'2017-12-22 07:13:32','2017-12-22 07:13:32',0,'0x506bd546d3935742bc6eabfeaaf960d20863b58580cbe2b3b61bc6b1c25942b8',0.0010000,'e'),(5,13,'0x79a85ebd0d7d63b46963397f1ab377a43121652c',500.0000000,'2017-12-22 09:27:19','2017-12-22 09:27:19',0,'0x6e625d461a3d99b283d38a658619d0d325b1245b32b0075755acc258d123c5f0',0.0010000,'e'),(6,13,'0x1e47765089c7fd098bc2106B0392D49c602e9D3f',10.0000000,'2017-12-22 10:48:25','2017-12-22 10:48:25',0,'0x2470ea9961f6f2c3415baf01746e208ff70d6528bd743b77a6b82b17dc3c8fb4',0.0010000,'e'),(7,13,'0x1e47765089c7fd098bc2106B0392D49c602e9D3f',10000.0000000,'2017-12-22 11:52:06','2017-12-22 11:52:06',0,'0x453dcba2b09c9d74cf90f6a06fe294078b0420ddd450edd21767c34695254366',0.0010000,'e'),(8,13,'0x79a85ebd0d7d63b46963397f1ab377a43121652c',20.0000000,'2017-12-22 15:01:35','2017-12-22 15:01:35',0,'',0.0010000,'e'),(9,13,'0x1e47765089c7fd098bc2106B0392D49c602e9D3f',1001.0000000,'2017-12-22 16:15:33','2017-12-22 16:15:33',0,'',0.0010000,'e'),(10,13,'0x79a85ebd0d7d63b46963397f1ab377a43121652c',13.0000000,'2017-12-22 16:18:10','2017-12-22 16:18:10',0,'',0.0010000,'e'),(11,13,'0x79a85ebd0d7d63b46963397f1ab377a43121652c',14.0000000,'2017-12-22 16:27:21','2017-12-22 16:27:21',0,'0x0c29f7eb6b1dfeee2e7e776e3f4abada7753fa2d8ee608d53bdb4e7569c350f3',0.0010000,'e'),(12,13,'0xeca4f493d480c24cebb69d71809e5c3668cbdf59',10000.0000000,'2017-12-22 18:19:44','2017-12-22 18:19:44',0,'0x87f0f4f98cbb44d1cbdab8b2e5a5b27a1762e9031eab10a1ef7ee366b1073e17',0.0010000,'e'),(13,13,'0xeca4f493d480c24cebb69d71809e5c3668cbdf59',10000000.0000000,'2017-12-22 19:14:37','2017-12-22 19:14:37',0,'0x33bb9f7815c13f4750faad342b9937e421508f44c468162b5e50f40ae840bbee',0.0010000,'e'),(14,30,'0x54991ffad156bb9a10ed8c10b9f06a4e8275da45',500000.0000000,'2017-12-22 19:30:17','2017-12-22 19:30:17',0,'',0.0010000,'e'),(15,30,'0x54991ffad156bb9a10ed8c10b9f06a4e8275da45',500000.0000000,'2017-12-22 19:30:20','2017-12-22 19:30:20',0,'',0.0010000,'e'),(16,13,'0x79a85ebd0d7d63b46963397f1ab377a43121652c',27.0000000,'2017-12-23 02:10:01','2017-12-23 02:10:01',0,'0x027f425801d0e62b88adb47cdf80163af0ceb1d2ed22ca4da1ab25c346338222',0.0010000,'e'),(17,30,'0x2758a63ecaeae595cbe38bfc251b71adf6e05f0f',10000.0000000,'2017-12-23 04:57:20','2017-12-23 04:57:20',0,'',0.0010000,'e'),(18,20,'0xeca4f493d480c24cebb69d71809e5c3668cbdf59',100.0000000,'2017-12-23 06:33:31','2017-12-23 06:33:31',0,'',0.0010000,'e'),(19,13,'0x85dbaef259cfe66859b7d33f3b17f58cba18b39e',100000.0000000,'2017-12-23 06:52:21','2017-12-23 06:52:21',0,'0xafa04c3ea91045d90b87fe5b6e134198cddb9f998e8ff670d0d5b4237741bc6e',0.0010000,'e'),(20,13,'0x85dbaef259cfe66859b7d33f3b17f58cba18b39e',10000.0000000,'2017-12-23 07:17:48','2017-12-23 07:17:48',0,'0xe84adbdd67f73f1d00d44a896a9bac1f0c6df0131387b2ad0b04bd62831d7726',0.0010000,'e'),(21,20,'0x1e47765089c7fd098bc2106b0392d49c602e9d3f',10.0000000,'2017-12-23 10:34:03','2017-12-23 10:34:03',0,'',0.0010000,'e'),(22,20,'0x85dbaef259cfe66859b7d33f3b17f58cba18b39e',10.0000000,'2017-12-23 10:37:01','2017-12-23 10:37:01',0,'',0.0010000,'e'),(23,20,'0x85dbaef259cfe66859b7d33f3b17f58cba18b39e',10.0000000,'2017-12-23 10:37:04','2017-12-23 10:37:04',0,'',0.0010000,'e'),(24,20,'0x85dbaef259cfe66859b7d33f3b17f58cba18b39e',10.0000000,'2017-12-23 10:37:05','2017-12-23 10:37:05',0,'',0.0010000,'e'),(25,20,'0x85dbaef259cfe66859b7d33f3b17f58cba18b39e',10.0000000,'2017-12-23 10:37:07','2017-12-23 10:37:07',0,'',0.0010000,'e'),(26,20,'0x85dbaef259cfe66859b7d33f3b17f58cba18b39e',10.0000000,'2017-12-23 10:37:09','2017-12-23 10:37:09',0,'',0.0010000,'e'),(27,20,'0x85dbaef259cfe66859b7d33f3b17f58cba18b39e',10.0000000,'2017-12-23 10:37:11','2017-12-23 10:37:11',0,'',0.0010000,'e'),(28,20,'0x85dbaef259cfe66859b7d33f3b17f58cba18b39e',10.0000000,'2017-12-23 10:37:13','2017-12-23 10:37:13',0,'',0.0010000,'e'),(29,20,'0x79a85ebd0d7d63b46963397f1ab377a43121652c',10.0000000,'2017-12-23 10:46:27','2017-12-23 10:46:27',0,'',0.0010000,'e'),(30,13,'0x17598f08d582c73485b3ba50b22ebdfa96d266c8',100000.0000000,'2017-12-23 11:29:17','2017-12-23 11:29:17',0,'0x1a6e8b119663b0cd174d71782c13699bae3050b9595d4bb08a9ddea6f7228c9a',0.0010000,'e'),(31,13,'0x17598f08d582c73485b3ba50b22ebdfa96d266c8',100000.0000000,'2017-12-23 11:29:25','2017-12-23 11:29:25',0,'0xde79b0c4da6f68b0b15bbdf3895ddc30c0023a2a21b13efc31e61e396b8e698e',0.0010000,'e'),(32,13,'0xde7dbc35416144ae130ff98bf83e94c36c51f218',100000.0000000,'2017-12-23 11:39:49','2017-12-23 11:39:49',0,'0xef1c49106403656b86f53bbfe7272ec994574a78d28b6a9d250fcd51efc82cd7',0.0010000,'e'),(33,13,'0xf1edd4730f59da834034c2f95109497284049a5f',15000.0000000,'2017-12-23 12:37:54','2017-12-23 12:37:54',0,'0x89bd8d1256b1e7aed3043d7e334b47a2e7c0bc235f039fdf0d0d2603780c1ea7',0.0010000,'e'),(34,13,'0x4d152ae2bb1b19b570fa5b2150e7fb2a663fac90',100000.0000000,'2017-12-23 13:05:04','2017-12-23 13:05:04',0,'0x88dec0fe9f0e11d9bd5bd251d897da4ec9a18934415598709780c99a800c5144',0.0010000,'e'),(35,13,'0x098ed3782e469a1593fd982faf2976743b6fcdbb',100000.0000000,'2017-12-23 15:55:35','2017-12-23 15:55:35',0,'0x435862eeadc624d4195760e5beb886e8c73a16b049aa52d36a80c8856fd777c4',0.0010000,'e'),(36,13,'0xd222216224d23f8c8997a4f187da0bc437e4c0cc',100000.0000000,'2017-12-24 07:07:22','2017-12-24 07:07:22',0,'0x08c7b90231824a612b7997aa60fa66340eb5aaffd559c35c60d2e8e44b9fbc94',0.0010000,'e'),(37,13,'0x531b03b298eb7bfba531c1bb3f9a2997cd1a3f01',100000.0000000,'2017-12-24 07:41:25','2017-12-24 07:41:25',0,'0x5312d61951a70efb55a6d54fe930e920405aa2bc7300bfacbf8932b066926aef',0.0010000,'e'),(38,13,'0x531b03b298eb7bfba531c1bb3f9a2997cd1a3f01',200000.0000000,'2017-12-24 07:47:18','2017-12-24 07:47:18',0,'0x83fc3ea750645fc6c349eec2efea65db07719a9117d1ac7d081bd903d07bb8af',0.0010000,'e'),(39,13,'0x531b03b298eb7bfba531c1bb3f9a2997cd1a3f01',200000.0000000,'2017-12-24 07:47:25','2017-12-24 07:47:25',0,'0xe39793cbd873f1ba22025a2bad903fddb1e292a04df110224626ffb66d7c1b35',0.0010000,'e'),(40,13,'0x531b03b298eb7bfba531c1bb3f9a2997cd1a3f01',200000.0000000,'2017-12-24 07:50:02','2017-12-24 07:50:02',0,'0x3188916131de0fee2707f3f39d6edca7482956900905be0bc8ca2035e43ebcca',0.0010000,'e'),(41,13,'0x531b03b298eb7bfba531c1bb3f9a2997cd1a3f01',200000.0000000,'2017-12-24 07:52:36','2017-12-24 07:52:36',0,'0xb95e5ea67c15fac7361d8e8822f1806bc02058ec15901888a639495c1ca84a13',0.0010000,'e'),(42,13,'0x531b03b298eb7bfba531c1bb3f9a2997cd1a3f01',200000.0000000,'2017-12-24 07:57:18','2017-12-24 07:57:18',0,'0x4d754c1d129fdde30e3b8dff4ef4f22e443554e04583929d96d02f95731203d7',0.0010000,'e'),(43,13,'0x531b03b298eb7bfba531c1bb3f9a2997cd1a3f01',200000.0000000,'2017-12-24 07:58:07','2017-12-24 07:58:07',0,'0x203e186e50b050513e4f1d5f53302e6a611972b8cdc77e8933deb8cd8ddba038',0.0010000,'e'),(44,13,'0x531b03b298eb7bfba531c1bb3f9a2997cd1a3f01',200000.0000000,'2017-12-24 08:00:54','2017-12-24 08:00:54',0,'0x278ef199f249b1fefafc0c751f27185f4be3869d10f992fc0af691656bf5c209',0.0010000,'e'),(45,13,'0x531b03b298eb7bfba531c1bb3f9a2997cd1a3f01',200000.0000000,'2017-12-24 08:01:42','2017-12-24 08:01:42',0,'0x4ae9804e149718d6cd38f82a238ce07ff8ec0350f59081fe7f9d1f979a2a3368',0.0010000,'e'),(46,13,'0xde7dbc35416144ae130ff98bf83e94c36c51f218',200000.0000000,'2017-12-24 08:07:35','2017-12-24 08:07:35',0,'0xb71177f1af46f5b84107767b43f28493ba52e58ba6d643f531bf759f8313d8e4',0.0010000,'e'),(47,13,'0xde7dbc35416144ae130ff98bf83e94c36c51f218',200000.0000000,'2017-12-24 08:39:56','2017-12-24 08:39:56',0,'0x3960e2cb87a96a4e62f52c205be830b1d3eed6ac568800c6ba002e004ec663ff',0.0010000,'e'),(48,13,'0xde7dbc35416144ae130ff98bf83e94c36c51f218',200000.0000000,'2017-12-24 08:43:04','2017-12-24 08:43:04',0,'0xf38037538b774c46112243ff7d107fdabf550503fe3a6657a26f18e4fa97c7bc',0.0010000,'e'),(49,13,'0xde7dbc35416144ae130ff98bf83e94c36c51f218',200000.0000000,'2017-12-24 08:44:53','2017-12-24 08:44:53',0,'0xfece1da14414591eae1a83ce92b2c6400c0b9a0d5f3a0ff8de6f7ae7e4adb97e',0.0010000,'e'),(50,13,'0xde7dbc35416144ae130ff98bf83e94c36c51f218',200000.0000000,'2017-12-24 08:46:17','2017-12-24 08:46:17',0,'0x5b98b3ffdc7861c228841bfb1c8b00a0c877c5e614f6ac35e4a147a2eb835620',0.0010000,'e'),(51,13,'0x54991ffad156bb9a10ed8c10b9f06a4e8275da45',200000.0000000,'2017-12-24 08:55:56','2017-12-24 08:55:56',0,'0x3c3a088aaa476e917a0272e3703ae1aaf89a67a6bb02655622cefa9e166b115c',0.0010000,'e'),(52,13,'0x54991ffad156bb9a10ed8c10b9f06a4e8275da45',200000.0000000,'2017-12-24 09:01:00','2017-12-24 09:01:00',0,'0x9cc8ee0e6ba77e3aec230045fd9f3a8f7fcefc5ee79742e24d9e1ce7640f6e27',0.0010000,'e'),(53,13,'0xc873ed5b4496d2ba54c6a93c9832702262796388',200000.0000000,'2017-12-24 11:20:23','2017-12-24 11:20:23',0,'0xadea05989e2dba7006b3bce319a4fcd3b2cd2e7a6da59902aa32b75b83a05ad0',0.0010000,'e'),(54,13,'0xb0f09e23a01b48d42c518c3ed14f7a3867a4fa0a',200000.0000000,'2017-12-24 11:23:27','2017-12-24 11:23:27',0,'0x8412f069930c321abe6ec44e30bd8374be0138ade3f040e4e52d9b0e8a70c785',0.0010000,'e'),(55,13,'0xea2bd7d8a5a264eba4706b8354e144b435a152d5',200000.0000000,'2017-12-25 08:22:45','2017-12-25 08:22:45',0,'0x021f0214d182c7724794658c6e5d0ed8f59edbe201114ac582dd62c43ab7c38b',0.0010000,'e'),(56,13,'0xb0f09e23a01b48d42c518c3ed14f7a3867a4fa0a',200000.0000000,'2017-12-25 08:58:58','2017-12-25 08:58:58',0,'0x002644a1a1cbea86188685ab8e8392397a55a4c1ee4dd622585dba7271e6877f',0.0010000,'e'),(57,13,'0xb0f09e23a01b48d42c518c3ed14f7a3867a4fa0a',200000.0000000,'2017-12-25 08:59:26','2017-12-25 08:59:26',0,'0x87bb556d5970cd62d021c45c4c954e4cdacdf91b6f2e8c5a3a69a07391bc1d36',0.0010000,'e'),(58,36,'0x3287a1dc5e9cbfeb7771418f2a27e9aaba4d232a',1500.0000000,'2017-12-25 12:16:18','2017-12-25 12:16:18',0,'',0.0010000,'e'),(59,13,'0x6c9277f5cced9cb8bf4d0bdc57e3e12bcdbdaae4',200000.0000000,'2017-12-25 12:25:00','2017-12-25 12:25:00',0,'0xa7cab6dfd8cf3e1a22cd128a3cde79dcb6c7e437b8f7bc217a24442b8f9b6e3a',0.0010000,'e'),(60,13,'0x6c9277f5cced9cb8bf4d0bdc57e3e12bcdbdaae4',200000.0000000,'2017-12-25 12:26:08','2017-12-25 12:26:08',0,'0xd60bdd2d610a3731e074b7fb97e371386d182913960d48b7729e4bc267242d9d',0.0010000,'e'),(61,13,'0x6c9277f5cced9cb8bf4d0bdc57e3e12bcdbdaae4',200000.0000000,'2017-12-25 12:26:39','2017-12-25 12:26:39',0,'0xc7cb7a5311aac78dd5a4e8fa95b09351923af1b20961a287379330d6f179773a',0.0010000,'e'),(62,13,'0x1e47765089c7fd098bc2106B0392D49c602e9D3f',200000.0000000,'2017-12-25 12:39:23','2017-12-25 12:39:23',0,'0x4248350c8c789a9f854e629612da559bbd393d6f0b0d7665af65c6a8bfffb3d4',0.0010000,'e'),(63,13,'0x1364a44f5e7a703b3ffde052d6d00bc0c84d8efb',200000.0000000,'2017-12-25 12:53:26','2017-12-25 12:53:26',0,'0xdc50f99df3564e8a2c0c7e6d3bf714921115d830ff57f547681835a359b3b2e8',0.0010000,'e'),(64,13,'0xc0384e842872c93a7a7996c484b645a885598549',200000.0000000,'2017-12-25 13:04:11','2017-12-25 13:04:11',0,'0x8891d312ec5fe37bc2725edb932a94eed6856a47468ed0c4ccba5263dfdbef61',0.0010000,'e'),(65,13,'0x4b398161d7e950566d0c3d5bdf7602b8df5a6d51',200000.0000000,'2017-12-25 13:13:32','2017-12-25 13:13:32',0,'0x4db4ad8169e2e900ec4675ca3d6098b0fad91a008782582e4973fc2967c2bcde',0.0010000,'e'),(66,13,'0x2d22fabe922d96149ad7a2891f530572604a0c4e',200000.0000000,'2017-12-25 13:17:14','2017-12-25 13:17:14',0,'0x3eb5ad29298f445960b8257964570aa21bbad4e07465e82c9ceaccb241a9004c',0.0010000,'e'),(67,13,'0xd37a1f9d4112615edaef90d21bcde05c86d3ad28',200000.0000000,'2017-12-25 13:39:41','2017-12-25 13:39:41',0,'0xe465fb25622dbfcbbb809ee1835c107abde39919eaf6c509fbafb798e5e31bb4',0.0010000,'e'),(68,13,'0x1f5f6a98d51f7ab29d21b3150e9da16a007bcd28',200000.0000000,'2017-12-26 06:12:54','2017-12-26 06:12:54',0,'0x4846339d5932ebf96fb99069a518aac888b5484776d24de1135e52a5c12d98af',0.0010000,'e'),(69,13,'0x1f5f6a98d51f7ab29d21b3150e9da16a007bcd28',200000.0000000,'2017-12-26 06:12:56','2017-12-26 06:12:56',0,'0xdd703bc68dd353391bbf02159ee4693a1165949e6f1780a8ee75243f940bbf86',0.0010000,'e'),(70,13,'0xb0f09e23a01b48d42c518c3ed14f7a3867a4fa0a',200000.0000000,'2017-12-26 07:17:58','2017-12-26 07:17:58',0,'0x4ece69685efa3d40c4e8690d29aab3db2f5d9adfe237d7230dfcb0df1e04382c',0.0010000,'e'),(71,13,'0xb0f09e23a01b48d42c518c3ed14f7a3867a4fa0a',200000.0000000,'2017-12-26 07:18:28','2017-12-26 07:18:28',0,'0x8e7cda01c1b470bf844bcddaa174a6e6f41740f60aaff8a49f367c01361799d1',0.0010000,'e'),(72,13,'0xb0f09e23a01b48d42c518c3ed14f7a3867a4fa0a',200000.0000000,'2017-12-26 07:19:02','2017-12-26 07:19:02',0,'0xbf9e262a3ae5358836861a9527563f15d7a679dc4fe5f62c04e2c832b701e4bb',0.0010000,'e'),(73,13,'0xb0f09e23a01b48d42c518c3ed14f7a3867a4fa0a',200000.0000000,'2017-12-26 07:19:44','2017-12-26 07:19:44',0,'0x6401415941ff1a070d6021d369a353a6052800e5b83489e91962741257e80e3e',0.0010000,'e'),(74,13,'0xb0f09e23a01b48d42c518c3ed14f7a3867a4fa0a',200000.0000000,'2017-12-26 07:20:15','2017-12-26 07:20:15',0,'0xca20d1eb3dac899c7ba3293d1c1cc86b3f882a886acec5f2e485f437f0cb77af',0.0010000,'e'),(75,13,'0x1439698da19bd0a7b55ae264e839889bbe3e97d6',200000.0000000,'2017-12-26 11:12:55','2017-12-26 11:12:55',0,'0x006b52c2b366a7722ae28191d40c8a4bfe3ef5dccdfb6d7dfcf93a692d8fb47e',0.0010000,'e'),(76,13,'0xe1e3fe34881f5b904d8985a0f1a004b6a097b96c',200000.0000000,'2017-12-26 11:31:21','2017-12-26 11:31:21',0,'0x6ab34d7b727187e1b281ea9d3b59000b21edec98ec62097b51c89e18d26a0598',0.0010000,'e'),(77,13,'0xe1e3fe34881f5b904d8985a0f1a004b6a097b96c',200000.0000000,'2017-12-26 11:32:53','2017-12-26 11:32:53',0,'0x7d050265f86ad10eb07684d08154928b1a16077198dfdc60ee838a53ddf0c75f',0.0010000,'e'),(78,13,'0xe1e3fe34881f5b904d8985a0f1a004b6a097b96c',200000.0000000,'2017-12-26 11:33:27','2017-12-26 11:33:27',0,'0xada3d8baebe8850e092d95dd95315ac5a3428f2151be1a9fd6f4437af2b18a78',0.0010000,'e'),(79,13,'0xe1e3fe34881f5b904d8985a0f1a004b6a097b96c',100000.0000000,'2017-12-26 11:33:51','2017-12-26 11:33:51',0,'0xa2ecab77056a1aa3fe5b43d2270cd8ddff2bb91abf75f02b009f2f7eed701162',0.0010000,'e'),(80,13,'0x19fc8e2654a1ab2e28bb9ffe6bbe55be64216771',200000.0000000,'2017-12-26 11:48:16','2017-12-26 11:48:16',0,'0x374af3e17f22477f4689777f923df849e3db6840d10116b4bbe246abb9c6876d',0.0010000,'e'),(81,13,'0xff236f7c000bd7caaede5b0aefc7b3ddfd57e302',50000.0000000,'2017-12-27 07:20:45','2017-12-27 07:20:45',0,'0x7ffab840529793544a3499ee55d9f8d544d72e5460534c81c263faee6a8db34c',0.0010000,'e'),(82,20,'0x79a85ebd0d7d63b46963397f1ab377a43121652c',10.0000000,'2017-12-30 07:53:18','2017-12-30 07:53:18',0,'',0.0010000,'e'),(83,13,'0x79a85ebd0d7d63b46963397f1ab377a43121652c',10000000.0000000,'2017-12-30 07:56:15','2017-12-30 07:56:15',0,'',0.0010000,'e'),(84,13,'0x79a85ebd0d7d63b46963397f1ab377a43121652c',10000000.0000000,'2017-12-30 07:57:15','2017-12-30 07:57:15',0,'',0.0010000,'e'),(85,13,'0x79a85ebd0d7d63b46963397f1ab377a43121652c',100.0000000,'2017-12-30 07:57:26','2017-12-30 07:57:26',0,'',0.0010000,'e'),(86,13,'0x79a85ebd0d7d63b46963397f1ab377a43121652c',100.0000000,'2017-12-30 13:20:13','2017-12-30 13:20:13',0,'0x596ce23e653ede90881907336f0bd5304eca297f2e929ff0dd9a062e99c0222e',0.0010000,'e'),(87,13,'0x79a85ebd0d7d63b46963397f1ab377a43121652c',10000.0000000,'2017-12-30 13:21:12','2017-12-30 13:21:12',0,'0xa29f4532e55a39f8ef9b08883af0f636fbcdae924aa35f956aa22da465c4a48e',0.0010000,'e'),(88,13,'0x79a85ebd0d7d63b46963397f1ab377a43121652c',10000.0000000,'2017-12-30 13:21:13','2017-12-30 13:21:13',0,'0x1090af047f8e614941a3506213371836be3aab2ac83fd2bbd2d693f870353540',0.0010000,'e'),(89,13,'0x79a85ebd0d7d63b46963397f1ab377a43121652c',10000.0000000,'2017-12-30 13:21:15','2017-12-30 13:21:15',0,'0xba1280075afda0a644c9556b2e43eb4d8651838d3dda5fc65841649ad40dcd61',0.0010000,'e'),(90,13,'0x79a85ebd0d7d63b46963397f1ab377a43121652c',10000.0000000,'2017-12-30 13:21:16','2017-12-30 13:21:16',0,'0x2392b38e79721d44d84fa877dc31361f1d01ba330f22664b0541a9ec2caf0237',0.0010000,'e'),(91,13,'0x79a85ebd0d7d63b46963397f1ab377a43121652c',500.0000000,'2017-12-30 13:25:35','2017-12-30 13:25:35',0,'0x2a7a0e8cd9550f81afc6f50a49fa30b5e50253c18da28202342b069a238b7077',0.0010000,'e'),(92,13,'0x6b6ed4f2f6b026d7cd6e5b88c03be66658d180ee',150000.0000000,'2017-12-30 14:00:35','2017-12-30 14:00:35',0,'0xd4bcfee8e291193dbe3623795c56acdaec38c735e0d8a7838a532de4a7249eef',0.0010000,'e'),(93,13,'0xb0f09e23a01b48d42c518c3ed14f7a3867a4fa0a',400000.0000000,'2017-12-30 17:55:25','2017-12-30 17:55:25',0,'0x93934a4f896dbeb37855b1426fce0d3a56c566ff5ab5029eb7cf31fd68b00cc2',0.0010000,'e'),(94,13,'0xd222216224d23f8c8997a4f187da0bc437e4c0cc',1000000.0000000,'2017-12-31 03:46:25','2017-12-31 03:46:25',0,'0x7a60d1922a182c4e3a5d26bdd77f1a710da0b492f4395062913f5703f58542cd',0.0010000,'e'),(95,13,'0xe1e3fe34881f5b904d8985a0f1a004b6a097b96c',5000000.0000000,'2017-12-31 03:56:10','2017-12-31 03:56:10',0,'0xca65fa5c5870a14f2df9cb510441fdd562edc7cbafc199c8aa5d9bd9ef09b272',0.0010000,'e'),(96,13,'0xe1e3fe34881f5b904d8985a0f1a004b6a097b96c',10000000.0000000,'2017-12-31 04:06:02','2017-12-31 04:06:02',0,'0x39d1db9b5aef09411b7b042084c10db6ece346bab4781948fb8737943713a55d',0.0010000,'e'),(97,46,'0x8c12070051b1e0d9e9eff06d1684c774f374b2e9',100000.0000000,'2017-12-31 08:45:23','2017-12-31 08:45:23',0,'0xb36bec5d34aa472a608d318630f892d1bdd65bb2d87f1fa90c1af74b48d0b365',0.0010000,'e'),(98,46,'0x8c12070051b1e0d9e9eff06d1684c774f374b2e9',100000.0000000,'2017-12-31 08:45:25','2017-12-31 08:45:25',0,'0x77fed4e18c54c662b0d4161cf2499648f34f127e3e22a7e3f35d4986c1532e5b',0.0010000,'e'),(99,46,'0x8c12070051b1e0d9e9eff06d1684c774f374b2e9',100000.0000000,'2017-12-31 08:47:41','2017-12-31 08:47:41',0,'0xc007aba77858838f3a3e7a413589def23e05aac96b830656b7c6503ed6975b99',0.0010000,'e'),(100,46,'0x4a35f46d6f50f9a38c57775578914a607914a548',400000.0000000,'2017-12-31 09:04:46','2017-12-31 09:04:46',0,'0x4eab28618d96decff6c2519c2eff21ef295a62d6aa811be3edf8c4f415704a83',0.0010000,'e'),(101,46,'0x4a35f46d6f50f9a38c57775578914a607914a548',300000.0000000,'2017-12-31 09:11:51','2017-12-31 09:11:51',0,'0x8872cf507711a67470a6ebb92706a54c9539a2f697fd25bc3931e449dcc9bf13',0.0010000,'e'),(102,61,'0x531b03b298eb7bfba531c1bb3f9a2997cd1a3f01',15000000.0000000,'2017-12-31 11:16:20','2017-12-31 11:16:20',0,'',0.0010000,'e'),(103,61,'0x531b03b298eb7bfba531c1bb3f9a2997cd1a3f01',10000000.0000000,'2017-12-31 11:22:03','2017-12-31 11:22:03',0,'',0.0010000,'e'),(104,61,'0x531b03b298eb7bfba531c1bb3f9a2997cd1a3f01',5000000.0000000,'2017-12-31 11:34:53','2017-12-31 11:34:53',0,'',0.0010000,'e'),(105,46,'0x2620e11a188fa6e38745c72f39a3c3cb93456f19',100000.0000000,'2017-12-31 15:27:30','2017-12-31 15:27:30',0,'0xe73071e2e6dd0a16f7911429dbd2abaff6c8cd64fbd489580e1a5f0c50c1f2fc',0.0010000,'e'),(106,46,'0x9ba589e44915848d60000ea424e0e8bea3b267d5',100000.0000000,'2017-12-31 15:30:22','2017-12-31 15:30:22',0,'0xbb43cc669a9afc87a688c732c6f5624049df2222a3812fa25d8511f4aaa681a6',0.0010000,'e'),(107,13,'0xd5281833a5660d57e775c42fa15f1c15c30b0eb3',100000.0000000,'2018-01-01 08:00:48','2018-01-01 08:00:48',0,'0xb09c740f177bed40d73595e1fce26c4b438b5e15dee86c05e4d75c42d69a41fc',0.0010000,'e'),(108,61,'0x531b03b298eb7bfba531c1bb3f9a2997cd1a3f01',10000000.0000000,'2018-01-01 08:05:46','2018-01-01 08:05:46',0,'',0.0010000,'e'),(109,61,'0x531b03b298eb7bfba531c1bb3f9a2997cd1a3f01',1000000.0000000,'2018-01-01 08:10:39','2018-01-01 08:10:39',0,'',0.0010000,'e'),(110,61,'0x531b03b298eb7bfba531c1bb3f9a2997cd1a3f01',200000.0000000,'2018-01-01 08:13:43','2018-01-01 08:13:43',0,'',0.0010000,'e'),(111,13,'0xa5fd1b9cb61b76fa83b1e944b28789ad00ed4a29',100000.0000000,'2018-01-01 09:23:52','2018-01-01 09:23:52',0,'0x6fb6d867d07f922de72c29ffa86ad14517810492da729b998173968e7856a987',0.0010000,'e'),(112,13,'0x13493b03d27d3f0a0ce94aaa15796513352d84e5',6000.0000000,'2018-01-01 13:03:57','2018-01-01 13:03:57',0,'0xa5b0f425f5dc64faf7c1531ac7ad5ebec4e163368aef4225fbd8c745b4de0405',0.0010000,'e'),(113,13,'0xb0f09e23a01b48d42c518c3ed14f7a3867a4fa0a',1000000.0000000,'2018-01-01 17:12:33','2018-01-01 17:12:33',0,'0x9f31630c048fb591aefc299fd02e6ce1eaedfe3409c17516c2e3e1cc856927e0',0.0010000,'e'),(114,13,'0x1e47765089c7fd098bc2106B0392D49c602e9D3f',10000000.0000000,'2018-01-02 15:56:53','2018-01-02 15:56:53',0,'0xed341681c1d4c870c090b9c21cea499c5793655b172939fde0434e45428bd05b',0.0010000,'e'),(115,13,'0xd37a1f9d4112615edaef90d21bcde05c86d3ad28',10000000.0000000,'2018-01-02 16:46:39','2018-01-02 16:46:39',0,'0x4febf23b4a694e28015fe0d66a2ffd99b98abc278147c7094434ccff2b71fef7',0.0010000,'e'),(116,13,'0x1364a44f5e7a703b3ffde052d6d00bc0c84d8efb',10000000.0000000,'2018-01-02 16:57:29','2018-01-02 16:57:29',0,'0xa0e743f304298bd43f7e7528a9b8359f6178505e4e4cf54bd9a95c31e0ee4113',0.0010000,'e'),(117,13,'0xd222216224d23f8c8997a4f187da0bc437e4c0cc',10000000.0000000,'2018-01-02 17:06:20','2018-01-02 17:06:20',0,'0x6a6796f7350ce8da70bf18034942a91af694d67e2ee9e427a43d6f4fa23ae763',0.0010000,'e'),(118,13,'0xc873ed5b4496d2ba54c6a93c9832702262796388',1000000.0000000,'2018-01-03 08:01:47','2018-01-03 08:01:47',0,'0x435dbf8b5420e9583003adbd53942f70674660335f681bf6c9480da478b35e46',0.0010000,'e'),(119,13,'0x2dfa76e331501dc8427957f7a893dcf3a5e24978',100000.0000000,'2018-01-04 06:13:57','2018-01-04 06:13:57',0,'0xc8fee64ca6b60ae91fd82525d4fc55f601121b5b2793af6c3bbd9f9d1a303506',0.0010000,'e'),(120,46,'0xc03c13773577a73bf3e46b38dc228d8b1d3c7a9a',650000.0000000,'2018-01-04 07:35:28','2018-01-04 07:35:28',0,'',0.0010000,'e'),(121,46,'0xc03c13773577a73bf3e46b38dc228d8b1d3c7a9a',650000.0000000,'2018-01-04 07:47:23','2018-01-04 07:47:23',0,'',0.0010000,'e'),(122,46,'0x3e04c4e2baf9d4b0f06926a0797e513a024a1d0c',200000.0000000,'2018-01-04 08:04:19','2018-01-04 08:04:19',0,'',0.0010000,'e'),(123,13,'0x98f63110f12e50ab9d768c454886714aed64d1d4',1300000.0000000,'2018-01-04 08:12:42','2018-01-04 08:12:42',0,'0xd3f7d05c017e5f8c0a730f9f2d0756440fe0b46c627f4b442a9f4b05548d0837',0.0010000,'e'),(124,13,'0x98f63110f12e50ab9d768c454886714aed64d1d4',5000000.0000000,'2018-01-04 08:19:27','2018-01-04 08:19:27',0,'0xae40b8c864f78f6ca93207fe31102864d6d6f795559d196c326d1274ae06e093',0.0010000,'e'),(125,13,'0xcf1936ce3929f72ec95fde3271411d64ad1b1bbc',1000000.0000000,'2018-01-04 08:57:36','2018-01-04 08:57:36',0,'0xf313a0b8b120eac926d5c14a66fd5ca949d32996322f56753d8ea54645af6d46',0.0010000,'e'),(126,13,'0xc03c13773577a73bf3e46b38dc228d8b1d3c7a9a',650000.0000000,'2018-01-04 09:46:58','2018-01-04 09:46:58',0,'0xa09e0f09cd6602a80eb3afcf5c2cf13f2b89aa3ab899f0dda28addc28a6ed2cc',0.0010000,'e'),(127,13,'0x3e04c4e2baf9d4b0f06926a0797e513a024a1d0c',550000.0000000,'2018-01-04 09:50:33','2018-01-04 09:50:33',0,'0xddce65a5b894eaaf0fa8720fd39a7c2c558108235efbf2a859afb5d76dd246a4',0.0010000,'e'),(128,13,'0xc8f3751b0bf891f5d7afadbea82cceca9d4091be',300000.0000000,'2018-01-04 11:28:44','2018-01-04 11:28:44',0,'0x262db8b56485dd5d6ed9b092ae55917de6a6f3b171919c02c166fb75615ce358',0.0010000,'e'),(129,46,'0x84879c418a040f9a8b91748d0eccdf5e91812689',200000.0000000,'2018-01-04 11:44:39','2018-01-04 11:44:39',0,'',0.0010000,'e'),(130,13,'0x20b3b0a8c85a3ef1fea0cf4cf6faad413a83fc10',500000.0000000,'2018-01-04 12:02:41','2018-01-04 12:02:41',0,'0xc7e71cf0e1dcbe1c29021b3d23a03d3f9d950238d3d011c17357772a9eceaef7',0.0010000,'e'),(131,13,'0x84879c418a040f9a8b91748d0eccdf5e91812689',200000.0000000,'2018-01-04 12:05:44','2018-01-04 12:05:44',0,'0x2277b55c512551851d1fce5ad694320cc552c842036ccaa5d70a1bfceeb742a5',0.0010000,'e'),(132,13,'0x2347664689513531dae1fad02cee626749c9748e',300000.0000000,'2018-01-04 13:04:54','2018-01-04 13:04:54',0,'0x7732e787440b1bd470cc9168b2dc8cfd4bb694280c1acf6759aadf01e30497a7',0.0010000,'e'),(133,46,'0x526e159fa7832f5e17d00c2b4855bcc6cd10d683',52000.0000000,'2018-01-05 07:18:13','2018-01-05 07:18:13',0,'',0.0010000,'e'),(134,13,'0x526e159fa7832f5e17d00c2b4855bcc6cd10d683',52000.0000000,'2018-01-05 07:25:04','2018-01-05 07:25:04',0,'0x00e11dc96de7655ab802bcd7207cb14e186f9b78ca94f663ba413a1a412eda89',0.0010000,'e'),(135,13,'0x526e159fa7832f5e17d00c2b4855bcc6cd10d683',52000.0000000,'2018-01-05 07:41:34','2018-01-05 07:41:34',0,'0x0a9a3b2fd5cdb76b239a7dfea71475aaf59a1759173814e521eaf04ef4a0eeed',0.0010000,'e'),(136,13,'0x526e159fa7832f5e17d00c2b4855bcc6cd10d683',52000.0000000,'2018-01-05 07:50:21','2018-01-05 07:50:21',0,'0x44d7e096492494bd6667ee4c8362dee2f194636193248eaa04f1b667d898ccc7',0.0010000,'e'),(137,13,'0x14ab742f46192be8c7c2328b2f61e133885fe5d2',411500.0000000,'2018-01-05 08:51:12','2018-01-05 08:51:12',0,'0x79aba330a0cedda0431ea16f4594ca17553fab32000234f53b01080b75797c6d',0.0010000,'e'),(138,13,'0x2fe0e09ca4a81e543b60099485f6b589efeb8435',15000.0000000,'2018-01-05 10:22:33','2018-01-05 10:22:33',0,'0xe7fdcbbd3da139ae83695d29f3114f09e2fbe02f7a6e88f6bfb1004d7c2a1055',0.0010000,'e'),(139,13,'0x9922f6490111c78eff55be1576022795f49c7eb3',1000000.0000000,'2018-01-05 11:40:13','2018-01-05 11:40:13',0,'0x63216b54f702d05f74c2fa3d4054836f62f4a9ac59f4a31b46fa23bdef5f4d05',0.0010000,'e'),(140,13,'0xcbd34de46ea464d9b6cad8315700c921f0de0a3a',1000000.0000000,'2018-01-06 07:27:45','2018-01-06 07:27:45',0,'0x360393e34c46a7da8598a720cb2617a385858de17a1c44c029b31ee5c85d4e60',0.0010000,'e'),(141,13,'0x5a84e03bbda7f81c415e6df2fd5f70fe1fc66aaa',1000.0000000,'2018-01-07 09:16:54','2018-01-07 09:16:54',0,'0xdcbc2bc9bfda8240241de949188b96e898ebb28d3194d2c1401896e0b1ba979c',0.0010000,'e'),(142,13,'0xef7bd5ff08b214788a25d5f19f4076753b3d652c',400000.0000000,'2018-01-07 10:38:07','2018-01-07 10:38:07',0,'0x70a99c2003064b5d2a5f230b02529abc436f2facb82f4943c817bf052515d34e',0.0010000,'e'),(143,13,'0xd53e77d31ca1be8db5e289ca4c7ec39057afa661',1300000.0000000,'2018-01-08 09:22:53','2018-01-08 09:22:53',0,'0x1bb80bb46db9911a2c27f3083be010e928f9835952b06522cd1919934e9bc6d9',0.0010000,'e'),(144,13,'0xb0f09e23a01b48d42c518c3ed14f7a3867a4fa0a',2500000.0000000,'2018-01-08 09:33:36','2018-01-08 09:33:36',0,'0xececee667da635af1a945fbfdbeeaded40255f70aac0814c40b2a9aafbe029f2',0.0010000,'e'),(145,13,'0xe779b208c30622782732902d0d96875704d6fa83',2800000.0000000,'2018-01-08 12:00:25','2018-01-08 12:00:25',0,'0xdc8e121ef23d96524b2dac116d214ecd9d388a9cfda000f5ece5351e840a7e13',0.0010000,'e'),(146,13,'0x60a491c6496d5f0370cdfc2d1ef88cc7635e7399',1150.0000000,'2018-01-09 17:39:44','2018-01-09 17:39:44',0,'',0.0010000,'e'),(147,13,'0xbb526db2716c89e1675742a038c551663944a4e4',5000.0000000,'2018-01-10 07:55:11','2018-01-10 07:55:11',0,'',0.0010000,'e');
/*!40000 ALTER TABLE `external_transaction` ENABLE KEYS */;
UNLOCK TABLES;

--
-- Table structure for table `fees`
--

DROP TABLE IF EXISTS `fees`;
/*!40101 SET @saved_cs_client     = @@character_set_client */;
/*!40101 SET character_set_client = utf8 */;
CREATE TABLE `fees` (
  `id` int(11) NOT NULL AUTO_INCREMENT,
  `external` float(15,6) NOT NULL,
  `updated_by` int(11) NOT NULL,
  `date_of_updation` timestamp NOT NULL DEFAULT CURRENT_TIMESTAMP ON UPDATE CURRENT_TIMESTAMP,
  `coin_type` enum('e') NOT NULL,
  PRIMARY KEY (`id`)
) ENGINE=InnoDB AUTO_INCREMENT=3 DEFAULT CHARSET=latin1;
/*!40101 SET character_set_client = @saved_cs_client */;

--
-- Dumping data for table `fees`
--

LOCK TABLES `fees` WRITE;
/*!40000 ALTER TABLE `fees` DISABLE KEYS */;
INSERT INTO `fees` VALUES (2,0.001000,1,'2017-12-20 08:07:50','e');
/*!40000 ALTER TABLE `fees` ENABLE KEYS */;
UNLOCK TABLES;

--
-- Table structure for table `internal_transaction`
--

DROP TABLE IF EXISTS `internal_transaction`;
/*!40101 SET @saved_cs_client     = @@character_set_client */;
/*!40101 SET character_set_client = utf8 */;
CREATE TABLE `internal_transaction` (
  `id` int(11) NOT NULL AUTO_INCREMENT,
  `sender_id` varchar(10) NOT NULL,
  `receiver_id` varchar(10) NOT NULL,
  `amount` float(15,6) NOT NULL,
  `date_of_creation` timestamp NOT NULL DEFAULT CURRENT_TIMESTAMP,
  `fees` float(15,6) NOT NULL,
  `coin_type` enum('b','e','l') NOT NULL,
  PRIMARY KEY (`id`)
) ENGINE=InnoDB DEFAULT CHARSET=latin1;
/*!40101 SET character_set_client = @saved_cs_client */;

--
-- Dumping data for table `internal_transaction`
--

LOCK TABLES `internal_transaction` WRITE;
/*!40000 ALTER TABLE `internal_transaction` DISABLE KEYS */;
/*!40000 ALTER TABLE `internal_transaction` ENABLE KEYS */;
UNLOCK TABLES;

--
-- Table structure for table `user`
--

DROP TABLE IF EXISTS `user`;
/*!40101 SET @saved_cs_client     = @@character_set_client */;
/*!40101 SET character_set_client = utf8 */;
CREATE TABLE `user` (
  `id` int(11) NOT NULL AUTO_INCREMENT,
  `name` varchar(255) NOT NULL,
  `email` varchar(255) NOT NULL,
  `password` varchar(255) NOT NULL,
  `date_of_creation` timestamp NOT NULL DEFAULT CURRENT_TIMESTAMP,
  `date_of_update` timestamp NOT NULL DEFAULT CURRENT_TIMESTAMP ON UPDATE CURRENT_TIMESTAMP,
  `unique_id` varchar(10) NOT NULL,
  `token_amt` decimal(50,6) DEFAULT NULL,
  PRIMARY KEY (`id`)
) ENGINE=InnoDB AUTO_INCREMENT=152 DEFAULT CHARSET=latin1;
/*!40101 SET character_set_client = @saved_cs_client */;

--
-- Dumping data for table `user`
--

LOCK TABLES `user` WRITE;
/*!40000 ALTER TABLE `user` DISABLE KEYS */;
INSERT INTO `user` VALUES (13,'admin','admin@admin.com','466dbedf95000da7195b8a6bc475c17e15df64ab41aaa745c5f54cdeee89a2e9','2017-12-19 22:09:29','2018-01-10 07:55:08','8410000012',5000.000000),(19,'test','test@test.test','50b43f8f59348c225376112ed871c1de458a4552782f753217148bdfc0285cbd','2017-12-22 07:07:47','2017-12-22 07:15:00','4752000013',1000.000000),(20,'Akram','mdiyahya@gmail.com','16b8b1589d7317de34d49ef308477bf151c5cbec9f812b3c0bebbc90a66d0d8e','2017-12-22 08:02:01','2017-12-30 13:14:48','3661000019',27000000000000000514.000000),(21,'Chitranshu','chitranshu@outlook.com','8ac2456e310821f0248a32c8d83efbf3dc3cef9f2a6472d0d12f2235c474edff','2017-12-22 08:03:23','2017-12-22 09:10:22','6190000020',0.000000),(22,'test','test@email.com','b4b655cf4db7786e93820103208dd11eb761c78d2a2e299caa332d34909c8b26','2017-12-22 08:05:20','2017-12-22 08:05:20','5021000021',NULL),(23,'shashank','shashank@outlook.com','8ac2456e310821f0248a32c8d83efbf3dc3cef9f2a6472d0d12f2235c474edff','2017-12-22 08:07:47','2017-12-22 08:07:54','6607000022',0.000000),(24,'qwertyuiop','qwertyuiop@qwertyuiop.qwertyuiop','d78ea79de0e9d588a1275c24b6430214b177f9a19b85bf4835e424216a910e2e','2017-12-22 09:00:48','2017-12-22 09:00:48','4144000023',NULL),(25,'shivam singh','shvm9912@gmail.com','8ac2456e310821f0248a32c8d83efbf3dc3cef9f2a6472d0d12f2235c474edff','2017-12-22 09:01:46','2017-12-22 09:01:46','1771000024',NULL),(26,'harsh','harsh.fantastic4@gmail.com','807680b7db0a54be59855cd1fb2aaa7c4f279d1ea1457ba51a9c074d024e5cd1','2017-12-22 09:03:18','2017-12-22 09:03:33','7772000025',0.000000),(27,'rajat','rajat@atventus.com','332985462c5394809842405fa1b368c1d1cef1ef47d5e66af5bfdff34b07b94a','2017-12-22 09:24:21','2017-12-22 09:24:21','7337000026',NULL),(28,'Pixel','pixel@google.com','a7290443ee9bc4f4571ab6d638da9c68141bf3a801bd0f673f13eca4c6a1e34c','2017-12-22 09:31:51','2017-12-22 09:32:36','1486000027',0.000000),(29,'Azampasha Patel','azampatil@gmail.com','616e6666a39ebe7d2c86c2fddfe2ee431f2b40a312ac580f176f785125868403','2017-12-22 18:08:21','2017-12-24 09:01:39','2758000028',400000000000000000000000.000000),(30,'aziz kadri','fosterindiain@gmail.com','98d601288c669db61e28d0e627a3e1909426b50fb2fe8e0386cfa365154fc3bf','2017-12-22 18:14:38','2017-12-23 06:34:41','1902000029',10010000.000000),(31,'aziz kadri','azizkadriin@gmail.com','208da47b4ad2655e3ef1def03ac4634c88fbbdd0ccffdf796bbed8e0788caada','2017-12-23 04:55:47','2017-12-23 04:56:05','3615000030',0.000000),(32,'Dastagir Dadapir patel','dastagirpatel85@gmail.com','441a8fafc64399e434b2a846586b599e365ea23ab41abb96980615f7a3cf12ae','2017-12-23 05:43:34','2017-12-23 08:11:39','4122000031',110000000000000000000000.000000),(33,'Asadulla janulla sayed','asadullajanulla@gmail.com','786bedc5daef1c9a9e4009524974a6e386ec03c16589749966b1838cd132c4aa','2017-12-23 06:37:00','2017-12-23 06:37:00','2166000032',NULL),(34,'chaitanya dhavan','dhavan2233@gmail.com','4e4cec9e8fc9e043747223aaa37940812587c9d2906f7a813f30cf2298dd016c','2017-12-23 06:55:14','2018-01-01 09:01:47','3629000033',1100000000000000000000000.000000),(35,'ramesh valse patil','rameshv1963@yahoo.co.in','21ff8b56f3096125ee648b0e6dc6e837f37b93054047a1505eba9e911d4cee81','2017-12-23 07:16:05','2017-12-23 08:31:59','7814000034',0.000000),(36,'Mahesh Korde ','mahesh.korde24@gmail.com','2b026805cd956e855dba66faee4691cadf11e90f03b2c694adc5ecb53c7982b9','2017-12-23 10:59:08','2017-12-25 12:16:28','6321000035',200000000000000000000000.000000),(37,'Dr asadulla sayyed','asadullajanulla123@gmail.com','0db2869bd7e85ce9fcf06ee8539cbf3bf523c339251496fd03bd8b027a42768d','2017-12-23 12:36:34','2017-12-23 12:40:13','5900000036',15000000000000000000000.000000),(38,'MADHAV NIVRUTTI GAIKWAD','madhavngaikwad@gmail.com','2186493420fc0814c7328cf272aaf559456d57c2878869247f95aafcfbcc9968','2017-12-23 12:39:35','2017-12-23 13:05:44','4057000037',100000000000000000000000.000000),(39,'Vishwanath N Bawage','omkarbawage@gmail.com','9cde4e309f09226857e83f928a895f7f78b70f27355dfdd21be226034dd3021d','2017-12-23 13:44:51','2017-12-23 15:54:08','7425000038',0.000000),(40,'BALASAHEB BAJIRAO SHINDE','shindebalu1977@gmail.com','76d8ca60464f1fadad0fcac0fb9e92b4fbb3c401b62827c5870d642f5183c4bf','2017-12-23 13:53:11','2017-12-23 13:53:11','8321000039',NULL),(41,'Vilas shivram patil','vilaspatilengineer@gmail.com','2e6bb6136a5f7a91b54328aadd5da9dc5c7ea29cbb3a4121a99c2c0c4686c616','2017-12-23 15:46:25','2017-12-23 15:56:23','7137000040',100000000000000000000000.000000),(42,'PURUSHOTTAM M HASAMNIS ','pmhasamnis1983@gmail.com','72a4c5c7c964850b2412453d8c5f596afb08f096da0a5cd7b80e865725363390','2017-12-24 07:00:11','2018-01-04 06:44:50','6432000041',11100000000000000000000000.000000),(43,'Mahaling dhavan','dhavanmahaling@gmail.com','e222247313193ab1cbd3ae581b6cf8458d05f323610284835402342d3b8b0038','2017-12-24 07:37:41','2017-12-24 08:37:16','2484000042',1700000000000000000000000.000000),(44,'BALASAHEB BAJIRAO SHINDE','ssb101085@gmail.com','3b77a7b9a3a64fcb6a0a6c4f97195f30207da0cbf6f242693c45c7db203e011d','2017-12-24 09:10:10','2017-12-24 09:10:10','7831000043',NULL),(45,'Natraj  Manik Waikar','natraj1984waikar@gmail.com','7e227c50396793dde6c1b40648a6a3462ad8f661bd6ad807499b3980780e57fb','2017-12-24 09:46:33','2018-01-03 16:47:28','5657000044',1200000000000000000000000.000000),(46,'Dadaso bira kharje','dadasokharje72@gmail.com','467ce7b990480822098c1bae2de4888e3286739782cd6b83bd6b3680b5abb7ea','2017-12-24 09:49:02','2018-01-08 09:54:54','2857000045',4300000000000000000000000.000000),(47,'BALASAHEB BAJIRAO SHINDE','ssb10185@gmail.com','e3b4c84d086e64cac44d563224cb4df0f76e9afae5584c7175c1899f00e1c049','2017-12-25 05:47:32','2017-12-25 05:47:32','4444000046',NULL),(48,'Sushil Kadam','srk10222@gmail.com','1f6fac94a5b33f9286a7bf6a0661d56685a93f9928bbe456df8cf461e1228cc8','2017-12-25 07:40:18','2017-12-25 07:40:45','5835000047',0.000000),(49,'Nagnath','nagnathmisal81@gmail.com','97e8c3b628553efb56d65efe9f7589cbb9aff2d7827bade3bc2e6025f9b27884','2017-12-25 08:12:10','2017-12-25 08:23:23','5747000048',200000000000000000000000.000000),(50,'MOJAFFAR MALLICK','mojaffarmallick14@gmail.com','5dd953936ebf4d8d8df821b5c8fe7e5e4efad837d6bb55486c5136f7c639919d','2017-12-25 10:05:56','2017-12-26 11:16:13','7085000049',200000000000000000000000.000000),(51,'Shrikant dixit','shrikantdixit681@gmail.com','73d363aad72aef0aa330d4552add02caa8332466fe187c77a80d798e74dd0676','2017-12-25 11:17:34','2017-12-25 12:27:23','7874000050',600000000000000000000000.000000),(52,'Bhojaji Dudhare','dudhare_11@rediffmail.com','fef93e86f7f59345b7d67c4a27e305f5e895f4afdb31359463a1e87c59eadc0c','2017-12-25 12:13:41','2017-12-25 12:14:09','2604000051',0.000000),(53,'Vinayak D ','vinayak.dhanwantari@gmail.com','595c0debf43baad1b18b6ea96491f4d3bdaed5055a895a7dc4c358667e4c5a81','2017-12-25 12:13:43','2017-12-25 12:22:57','8006000052',0.000000),(54,'Abhinandan Annaso Dharangutte ','abhidharangutte2@gmail.com','8ac2456e310821f0248a32c8d83efbf3dc3cef9f2a6472d0d12f2235c474edff','2017-12-25 12:48:58','2017-12-25 12:48:58','7957000053',NULL),(55,'Anil p','biggest217@gmail.com','266f409f7bd53e81fe68f7fe6a49f76eb1bbae4f15bd379a3a9037a232adfbd1','2017-12-25 13:00:45','2017-12-25 13:04:49','6545000054',200000000000000000000000.000000),(56,'Arvind bajirao patil','abp5130@gmail.com','b4b655cf4db7786e93820103208dd11eb761c78d2a2e299caa332d34909c8b26','2017-12-25 13:08:19','2017-12-25 13:15:02','1825000055',200000000000000000000000.000000),(57,'Abhinandan annaso Dharangutte ','abhinandandharangutte12795@gmail.com','8ac2456e310821f0248a32c8d83efbf3dc3cef9f2a6472d0d12f2235c474edff','2017-12-25 13:15:21','2017-12-25 13:23:30','4352000056',200000000000000000000000.000000),(58,'Dnyandev kurundvade','dnyandevkurundwade@gmail.com','8959bee1c03eaf288777d8a614f2d13bed9bbb4319d9b1e7225dd5b4ff751456','2017-12-25 13:36:01','2018-01-05 14:54:30','5333000057',10200000000000000000000000.000000),(59,'Dr.balasaheb','sbalasaheb1977@gmail.com','4e6c82fa7f938222ef848f6bce8ad5d061112614c0763bd4213cb098d315504d','2017-12-26 06:06:43','2017-12-26 06:46:20','7475000058',400000000000000000000000.000000),(60,'SHRIKRISHNA SAVANTA KABADE','shrikabade111@gmail.com','4ca425d7d79647a03b3679246845b1b7b110f2ecb63d81dbe379e12132834cce','2017-12-26 09:04:01','2017-12-26 09:04:01','7102000059',NULL),(61,'Jeevan Deshmukh','jeevandeshmukh333@gmail.com','cf6c367aa20697f3af5059e168d91cf191639f3e3b73c99cae9ff0f184e3634d','2017-12-26 11:17:11','2018-01-05 02:42:30','7556000060',15700000000000000000000000.000000),(62,'Rajeshree','pranita.k14@gmail.com','02248c83e3e91ecc01a17eec931ad0397c587aca6b6b13d2f35b4c296145d919','2017-12-26 11:30:34','2017-12-26 11:48:32','3241000061',200000000000000000000000.000000),(63,'Gour Hari Hansda','haripugos@gmail.com','5ebe0f571377504ba5a5845bded7c105e6fd19a053f2f503d598e1aa20b73ada','2017-12-27 07:14:12','2017-12-27 08:07:51','5623000062',50000000000000000000000.000000),(64,'Vijayanand sonkawade','vijayanandsonkawade@gmail.com','edb7950c42a24f656dbd99c3ece396c5077c2f07a5a2b5bfb7942c76cce9e01b','2017-12-27 11:52:38','2017-12-27 11:52:38','4756000063',NULL),(65,'Mahesh joshi ','Contactmahesh31@rediffmail.com','51c9c21666d1792f49c4302fc92088e0d22055bfe75313cc9b3d51e1aad93671','2017-12-27 12:52:06','2017-12-27 12:52:06','6231000064',NULL),(66,'Laxman parhad','lparhad@gmail.com','56db387b9c16f712d59998f584dd551804790fbd195ba1af0c78f56e01a698e1','2017-12-27 14:31:05','2017-12-27 14:33:09','9715000065',0.000000),(67,'Pravin Dadaso kharje','kharjepravin@gmail.com','d75ab694dcfe556576afe8e023d8f7c21c88bc1f2bcb5782a4539517293c7526','2017-12-28 05:03:00','2017-12-28 05:03:00','3749000066',NULL),(68,'Mahesh Popat Anuse','maheshanuse1995@gmail.com','f4c15a5d0b92986b069848f4650211347e255dd84720e6ff8efc13eb3a3b94df','2017-12-30 04:14:11','2017-12-30 04:14:11','5416000067',NULL),(69,'Pravin dadaso kharje','kharjepravin2002@gmail.com','d75ab694dcfe556576afe8e023d8f7c21c88bc1f2bcb5782a4539517293c7526','2017-12-30 04:40:35','2017-12-30 04:40:35','5489000068',NULL),(70,'AGNIDEEP PAL','agnideep2017ram@gmail.com','8959bee1c03eaf288777d8a614f2d13bed9bbb4319d9b1e7225dd5b4ff751456','2017-12-30 05:48:04','2017-12-30 05:48:04','6552000069',NULL),(71,'akram','infoyasmoney@gmail.com','16b8b1589d7317de34d49ef308477bf151c5cbec9f812b3c0bebbc90a66d0d8e','2017-12-30 05:56:55','2017-12-30 05:56:55','5849000070',NULL),(72,'Mahesh','mahesh.gore71@gmail.com','fcd626300716908a2e0c7e530ccddcdd7616a31d85bd7e62a6c9fd9c4d688aae','2017-12-30 08:03:13','2017-12-30 08:03:13','8585000071',NULL),(73,'Mahesh gore','maheshgore71@gmail.com','72936295a985434414f6e8f3014eb35e56ae6245724686c213131b251233d8e0','2017-12-30 08:16:10','2017-12-30 09:26:20','4789000072',0.000000),(74,'moakram','mdisendcom@gmail.com','16b8b1589d7317de34d49ef308477bf151c5cbec9f812b3c0bebbc90a66d0d8e','2017-12-30 08:32:54','2017-12-30 08:32:54','6126000073',NULL),(75,'Reshma Galgale','reshmagalgale918@gmail.com','d2cd81d7d4fb9299c40e59e3e5092da06f8818fe1d77ff119f0dedb94188ebb9','2017-12-30 13:59:00','2018-01-02 03:02:41','4225000074',150000000000000000000000.000000),(76,'ramesh valse patil','rameshvalse@gmail.com','21ff8b56f3096125ee648b0e6dc6e837f37b93054047a1505eba9e911d4cee81','2017-12-30 18:12:02','2017-12-30 18:12:02','2800000075',NULL),(77,'Priyanka Dadaso Kharje','kharjepriyanka@gmail.com','f0bd076ced1025faec456544873fdef6f5e4e78140d3a6174531b3f01f6d35ae','2017-12-31 08:32:35','2017-12-31 08:32:35','3597000076',NULL),(78,'Pramila Dadaso Kharje','kharjepramila@gmail.com','d9e5cbde9ca9ae18bb778195b9af4807b59255185befb04f9004d885fb6f3e87','2017-12-31 08:58:35','2017-12-31 09:12:55','4061000077',700000000000000000000000.000000),(79,'Kamal Dadaso Kharje','kharjekamal79@gmail.com','c97b94de8b574387db23e4c15e50ae1993c19d5fed1c0c5d7c50777918236319','2017-12-31 09:08:24','2017-12-31 09:16:19','4366000078',0.000000),(80,'Mahesh Popat Anuse','anusemahesh965@gmail.com','f4c15a5d0b92986b069848f4650211347e255dd84720e6ff8efc13eb3a3b94df','2017-12-31 15:09:45','2017-12-31 19:27:36','4870000079',100000000000000000000000.000000),(81,'Pravin Dadaso kharje','kharjepravin23@gmail.com','ba924eea7c196bb94f5cca4ff503890a78b307264816dcb848c0c2ece8e10375','2017-12-31 15:22:43','2017-12-31 19:27:14','1269000080',100000000000000000000000.000000),(82,'Pallavi shirsekar','damayanti.rv@gmail.com','60b4b8215738eef281c531afe20784d1853797b7a035205a5af933ae32db849e','2017-12-31 17:22:56','2017-12-31 17:22:56','6427000081',NULL),(83,'Pallavi shirsekar','prashantrs1989@gmail.com','60b4b8215738eef281c531afe20784d1853797b7a035205a5af933ae32db849e','2017-12-31 17:26:24','2017-12-31 17:27:19','4693000082',0.000000),(84,'Misba kadri','misbakadri8@gmail.com','98d601288c669db61e28d0e627a3e1909426b50fb2fe8e0386cfa365154fc3bf','2018-01-01 07:58:08','2018-01-01 08:03:26','1709000083',100000000000000000000000.000000),(85,'kranti khandre','bywabkaranti@gmail.com','b3180f5c0fed7df17b457201fa4b3930229b862b80279b534345710d00844eef','2018-01-01 08:58:45','2018-01-01 09:25:02','6889000084',100000000000000000000000.000000),(86,'Agnideep pal','agnideeppal2017ram@gmail.com','8959bee1c03eaf288777d8a614f2d13bed9bbb4319d9b1e7225dd5b4ff751456','2018-01-01 13:02:17','2018-01-01 13:07:15','3145000085',6000000000000000000000.000000),(87,'Abhishek Kumar Burman','cmd@nexgenonline.in','db596b8db68b3bcfd4a546b4ce5cf49df733e048bcd52d766a28278c5d1b6b6f','2018-01-02 07:54:20','2018-01-02 08:39:33','7996000086',0.000000),(88,'Pallavsim','pallavsim@yahoo.com','ecdd21339144b5fb6d227e4151c067b27e7ac94ce4e8a6e2dcef1fdb230932e9','2018-01-03 06:30:34','2018-01-03 06:30:34','9437000087',NULL),(89,'sandeep phulsundar','sandeepph16@gmail.com','b3180f5c0fed7df17b457201fa4b3930229b862b80279b534345710d00844eef','2018-01-03 08:49:49','2018-01-03 08:49:49','1395000088',NULL),(90,'LAXMAN SHINDE','shindesir9@gmail.com','e96c3649daa862673650408d1fa42a6db27cc891bc894619a723f88ca7dccaf5','2018-01-03 11:50:00','2018-01-03 11:50:00','9559000089',NULL),(91,'Asif Ismail pathan','asifpathan0818@gmail.com','0731baf7f7779baf3b97717cdda924cb569261b8bbe5fae8e6310381723833d6','2018-01-04 06:02:59','2018-01-04 06:18:34','2054000090',100000000000000000000000.000000),(92,'Kishor laxman otari','kishor.otari11@gmail.com','a611b795d675acebf22de0835afbe752b341585f8feb4290585c39fb577b18d6','2018-01-04 07:09:16','2018-01-04 10:04:50','7479000091',550000000000000000000000.000000),(93,'Shobha patil','shobhapatil151266@gmail.com','a02c48682db7545511557f31ccc46c13a7f0a45a707920c5c27833d8d67d5d69','2018-01-04 07:19:36','2018-01-04 10:07:52','5396000092',650000000000000000000000.000000),(94,'Suresh jaybhay','sureshjaybhay.1@gmail.com','b9919167ded17430fa4f47f4f6794462ae20b5603fe0f6ce88f03c25056cef3b','2018-01-04 08:09:02','2018-01-05 04:20:50','9990000093',6300000000000000000000000.000000),(95,'Sanjay durge ','sannaydurge111@gmail.com','8ac2456e310821f0248a32c8d83efbf3dc3cef9f2a6472d0d12f2235c474edff','2018-01-04 08:46:33','2018-01-04 08:46:33','8508000094',NULL),(96,'DIPU PRAJAPATI ','dipuprajapti1234@gmail.com','f54ee6a219de5482a18fa613d204c6392a40b19120487aa328be6e9effc0824d','2018-01-04 08:53:31','2018-01-04 08:59:58','2430000095',1000000000000000000000000.000000),(97,'Sanjay Durge ','sanjaydurge111@gmail.com','9becd9d760131db313ab14b068a328bdf2507a57f9d3f763e19a27e5e386bbb3','2018-01-04 09:46:43','2018-01-05 12:53:55','2320000096',1000000000000000000000000.000000),(98,'Ashok Paithankar','ashokpaithankar@gmail.com','2416a8a70b9ac34399ed061bc31b1dfc4e182d5dea1326bb216ecebe582db31f','2018-01-04 10:21:06','2018-01-04 10:21:06','2808000097',NULL),(99,'Ashok paithankar','ashokpaithankar@mail.com','2416a8a70b9ac34399ed061bc31b1dfc4e182d5dea1326bb216ecebe582db31f','2018-01-04 10:25:06','2018-01-04 10:25:06','6748000098',NULL),(100,'Laxmi bhalerao','bhaleraolaxmi812@gmail.com','2b5c16029c8f4745c750efc430951f1617a6d07d40a3076ff4d412c2697508ef','2018-01-04 10:56:34','2018-01-04 11:35:00','8999000099',300000000000000000000000.000000),(101,'Balaso.padalkar','balaso9767@gmail.com','26967fe1acc273a4f1ab34a005312dadb1e8fe7c695f9792ab366e43e790b327','2018-01-04 11:35:45','2018-01-04 12:19:18','2256000100',200000000000000000000000.000000),(102,'Rajkumar annaldas','tusharannaldas1008@gmail.com','d0136e993abc2ef9f20dd5ad9c881bd0fcb2596291a53161bd60e02509281c21','2018-01-04 11:46:57','2018-01-04 12:32:41','4646000101',500000000000000000000000.000000),(103,'Talwade kanta','talwadekanta@gmail.com','2144f8e88326721e9df9e3bb938b752c4788ba9bfa14ff28ef3dfff9570352a8','2018-01-04 12:26:26','2018-01-05 02:08:24','6656000102',300000000000000000000000.000000),(104,'Suryakant dhulubulu','suryakantdhu06@gmail.com','a91b2c0bca40d3829cbf4977baf4f97df311ec8441b0a99cf473e97a2910cdf5','2018-01-04 14:10:50','2018-01-04 14:10:50','5144000103',NULL),(105,'Tushar Teli','tusharteli2700@gmail.com','2cdd4a0e3d7fea728a56842d6d6e6491ee9a5bb0424eb8b7587fd1b3259578a6','2018-01-04 15:25:28','2018-01-04 15:26:18','5334000104',0.000000),(106,'Uttam Dada Gore','uttamgore7977682240@gmail.com','e33fe066fd8d66010614146a774541cecefacdaefb7c99d889c8d06f9be209ad','2018-01-05 07:11:31','2018-01-05 12:17:46','8224000105',156000000000000000000000.000000),(107,'Navnath Kisan malave','navnathmalave123@gmail.com','4f599d31a986d75569e807ac4f9458f0dc5b0b4e4e20f27b2883acd8b083da08','2018-01-05 07:50:45','2018-01-06 05:29:07','7050000106',411500000000000000000000.000000),(108,'Govind sukhdev puri','govindpuri0707@gmail.com','da626b04f42f62b23d5b570d4610e7e4d1e4c3c961c5340dd048c35bdf25f9cc','2018-01-05 07:52:00','2018-01-06 12:21:03','4896000107',15000000000000000000000.000000),(109,'sanjay ramchandra vibhute','sanjayvibhute@gmail.com','f2c320a16f363cfe6127207edd355e51dee97f2599df2d8ec3c739b80c93cf5d','2018-01-05 11:51:51','2018-01-05 11:51:51','5724000108',NULL),(110,'Gatane bapu n','bapugatane1@gmail.com','d8e1911eb6fde0e12c0d95158638da49b19abf4852743cb04493c0d7ed69b5b5','2018-01-05 15:22:18','2018-01-05 15:23:32','4525000109',0.000000),(111,'Ajit','ajitdatir27@gmail.com','cc0dcb239fbb7113dbaa3cbc6e39456934068417b32a4f2efc1007acd5c3eb67','2018-01-06 07:18:17','2018-01-06 07:18:17','6345000110',NULL),(112,'Ajit Maruti Datir','greenwealth27@gmail.com','cc0dcb239fbb7113dbaa3cbc6e39456934068417b32a4f2efc1007acd5c3eb67','2018-01-06 07:22:29','2018-01-06 08:49:28','3703000111',1000000000000000000000000.000000),(113,'Raju','rajurgiri@gmail.com','8e0abcf0484ab0cdb6a1c87507f7bc0761c2833f6771d874e47bd1cb2124ea4d','2018-01-06 11:33:53','2018-01-06 11:33:53','7488000112',NULL),(114,'Rajkumar Bhupal Divate','rajbhudivate@gmail.com','40fe9e0f4403e9a6f5cfc60efa07097e2eb0e046a2c34494956591dd6998f8d2','2018-01-06 12:45:29','2018-01-09 04:41:32','4652000113',0.000000),(115,'Balasaheb Noraje','sachin.noraje@gmail.com','c8c21a25e6fd5bde9c4ab40ae715ede3d56adea68d25d96719013f72d4cb727a','2018-01-06 15:03:40','2018-01-06 15:18:35','7489000114',0.000000),(116,'sanjay','sanjayvibhutejbps@gmail.com','006d18b0dd08299574a0e05dc5e04bf8dd6951dd2cb1325d17ce188e0131868d','2018-01-07 06:37:48','2018-01-07 06:37:48','6958000115',NULL),(117,'babaso','shribabasopawar@gmail.com','ab85ec3f3ccfe9cc3b05c7124db67181f0e199ae1ca04d8143ba5b8b5f711c48','2018-01-07 06:41:49','2018-01-07 06:41:49','3455000116',NULL),(118,'anil','anilawate78@gmail.com','a99f21375c09aebee562d45ca3cac7c4d3e4f10edce16d3b0d81fd8c791ae732','2018-01-07 06:44:11','2018-01-07 06:44:11','2449000117',NULL),(119,'Sandesh Hadwale ','sandesh.hpatil@gmail.com','9822d7bdd3b549ad3719e428e812098b70684bc55b10cd7deef2a6b3b46a98de','2018-01-07 07:49:28','2018-01-07 07:49:28','3479000118',NULL),(120,'Anita dondge','anitadondg123@gmail.com','a48ab30e2ae5c725038ff23f39f07b172776f8a06531a5bfe673f05ac3de80b1','2018-01-07 08:00:28','2018-01-07 10:54:27','7858000119',400000000000000000000000.000000),(121,'Ramesh chavan','Rameshchavan5555@gmail.com','9b554405ea1fd3023acf9342c79bca51fcec0941defc428e71ee2db606f256f4','2018-01-07 09:13:02','2018-01-07 10:36:32','3763000120',1000000000000000000000.000000),(122,'Amol','amolherwad99@gmail.com','38fe1bd3f142ac3aeae5869ec672f37261962147492a9aa1a3f980874bf0329c','2018-01-07 10:05:53','2018-01-07 10:05:53','3994000121',NULL),(123,'Shrinivas Rayabagi','rayabagishrinivas@gmail.com','006af1e2e72d2b09bf0c2e94d9d69f1831094fe2a7320163b64bce8893d93438','2018-01-07 10:38:00','2018-01-07 10:38:20','5562000122',0.000000),(124,'Nishikant ranmale','nishikantranmale02@gmail.com','d02d0a9a7d8b2d6924aeb548beddfc43520615aaec3aa5ec848fb74004f6688b','2018-01-07 13:36:11','2018-01-07 13:36:11','8328000123',NULL),(125,'Nilatai Sarajerao Khot ','nilataikhot5000@gmail.com','8f2506b418354e98775b8e6ceac962918c6249d3cefbfcfc43e0788492ccace9','2018-01-08 06:02:30','2018-01-08 06:02:30','3978000124',NULL),(126,'sanjay s.mali','sanjaymali8329@gmail.com','edb044fa3aa168fc99e56c067813c3f86f1ee5bd0369d0d5388b08974e6ef88d','2018-01-08 06:39:51','2018-01-08 06:39:51','8367000125',NULL),(127,'Harishchandra wadkar','harishchandrashe123@gmail.com','f3e46a51d4244a9b992ab4b4b27b377ff15a5100900bee3657df531bd2879832','2018-01-08 08:20:33','2018-01-08 09:26:19','9068000126',1300000000000000000000000.000000),(128,'KIRAN DHANAPAL SADALGE','krnsdlge@gmail.com','1f6fc98918b81381446f5e15221ffc501a06c69de993ac91d681c280cb573cf6','2018-01-08 08:37:10','2018-01-08 08:37:10','8356000127',NULL),(129,'Pankaj gat','gatpankaj17@gmail.com','455a456fd9f9ac8c5b2c423fe70c28eaf9d4c88aec612c8439ee86d5617742c6','2018-01-08 08:55:34','2018-01-08 08:56:13','3986000128',0.000000),(130,'ANIL R BHAGAJE','anilbhagaje1008@gmail.com','b5b0a812aebfb1f68e02dcdb4a241a27c137668b6fbaf3aea1de0e0ad4eb68f9','2018-01-08 08:56:13','2018-01-08 08:56:13','2279000129',NULL),(131,'Dashrath Randive','randivedasharath8@gmail.com','f88fba8b9cdc56adafafa6ab79e1162b7bb45db523ca7a6637d00f3762d5aa07','2018-01-08 08:59:27','2018-01-08 08:59:27','3573000130',NULL),(132,'PUSHPA PANDURANG KHOT','pushpakhot1008@gmail.com','9cfedbacbde02a4821f9c76a542758fced4a61fb12b1bc5dde0527d01e1f1a19','2018-01-08 09:05:34','2018-01-08 09:05:34','5200000131',NULL),(133,'Vitthal Shingade','shingadevitthal14@gmail.com','aa63a174c19b0cd19b2c01c23663bbcadfe414726016d31b8a28e03d96ffefdb','2018-01-08 09:21:37','2018-01-08 09:21:37','6405000132',NULL),(134,'Suryakant londhe','suryakant.sl34@gmail.com','481ffad45cfedc7d8890a25073b065c9560174ca765c05bffaa1bce8d482093e','2018-01-08 09:29:35','2018-01-08 09:36:01','1870000133',0.000000),(135,'Kumar divate','kumardivate7161@gmail.com','f6de4c39d4b40a311b7ec1ec3e34a236e0006738f9eebedecf8d50aa4afb2629','2018-01-08 09:38:57','2018-01-08 09:38:57','9543000134',NULL),(136,'Vashantparit','vashantparit123@gmail.com','aadeb183b7b2072ff9a7d5653c1394534cf679cf3971fa2cda13bd18104836e9','2018-01-08 09:39:03','2018-01-08 09:39:03','3233000135',NULL),(137,'Mahesh yuvaraj bavache','maheshbav1989@gmail.com','9f2259d15cb31ac39865fa60366d749a046f17c8f35e5dc9201f236b20c9b87c','2018-01-08 09:45:25','2018-01-08 09:45:25','3549000136',NULL),(138,'Akshay narsu bandger','akshayb15@gmail.com','da2172fbcee56bcdfcc0bbbf90530c1174d39b3d3aacbd04352f55b01e3f3d57','2018-01-08 09:52:14','2018-01-08 09:52:14','1630000137',NULL),(139,'Kumar Divate','kumardivate3805@gmail.com','c3c1bd3e055c09ca93c2d96bb9f2238cf3939067815c76408c304866cf95956d','2018-01-08 09:54:25','2018-01-08 09:54:25','7009000138',NULL),(140,'Bhagwat wadkar','wadkarbhagwat@gmail.com','c1bbc05242d93ece6acdfa34b596a7e29284e8ba04cd16698bfd0be051097d77','2018-01-08 10:33:16','2018-01-08 12:02:33','8495000139',2800000000000000000000000.000000),(141,'sanjay s.mali','sanjaymali9883@gmail.com','e205a3354bd47af01a019e880fc93d2edae6da304dc2bf1ec309e771feb698f5','2018-01-08 12:49:58','2018-01-08 12:49:58','5979000140',NULL),(142,'Vijay','ransubhevijay4@gmail.com','5466c8a4f3394d2b32b7d2add0f1d679629f174cc71c0ce954d266039356c039','2018-01-08 15:36:09','2018-01-08 15:36:52','1474000141',0.000000),(143,'Arjun Bagav','batulkumar177@gmail.com','baf877513b7859aac2a68644f30d25d16c3d39739c5c5fae69fc8ca00c656e7e','2018-01-09 04:52:08','2018-01-09 04:54:51','1620000142',0.000000),(144,'Vijay Tendolkar','vtendolkar3553@gmail.com','f60d47ca97f4006b80fa0addf7e1facf57363b18c65c4b07667fe2a439aa73ff','2018-01-09 05:19:01','2018-01-09 05:19:01','8646000143',NULL),(145,'Milind Kininge','milind.kininge@gmail.com','f9ad8d9cf850c88d57a31c294d914cc3a147fbaa294573114927b68f115ecb01','2018-01-09 07:44:53','2018-01-09 07:47:10','4227000144',0.000000),(146,'Manjusha Rajesh jadhav','manjusha.jadhav23@gmail.com','e1352795997b79554ea4f5961f166bb19d495e2a8feff25b601350f2e4ca0220','2018-01-09 08:52:36','2018-01-09 09:18:09','7781000145',0.000000),(147,'Padmavati Gat','padmavtigat1008@gmail.com','3fc0e257c64b4617a58324ce4d0876c6224b34696249423329090632603729c8','2018-01-09 11:59:12','2018-01-09 11:59:12','8676000146',NULL),(148,'Shivaji Chavan','shivajichavan657@gmail.com','7894490d8b663b9b838a0c9eac1abfdca66277a175e2c60542811ff16d2ad198','2018-01-09 13:10:54','2018-01-09 13:10:54','5315000147',NULL),(149,'Madhur Shamra','madhur.sharma2207@gmail.com','b10c4cab1763a75f81a36c9308c7c6da0b3505c9cbe4945fbf968f5eb2a6e262','2018-01-10 06:54:06','2018-01-10 06:54:36','8253000148',0.000000),(150,'Namira Samir Inamdar ','namirainamdar@gmail.com','6b2cba9011f3124f851e1644b7f5a6958b192172b3ebb06985e11823426212da','2018-01-10 07:31:58','2018-01-10 07:31:58','5797000149',NULL),(151,'Namira inamdar ','namirainamdar6@gmail.com','6133597423b43f05ba34c115cf70f98fd5bccedd1df265fa3ea9aca86f7c3cd8','2018-01-10 07:44:47','2018-01-10 07:44:47','6554000150',NULL);
/*!40000 ALTER TABLE `user` ENABLE KEYS */;
UNLOCK TABLES;
/*!40103 SET TIME_ZONE=@OLD_TIME_ZONE */;

/*!40101 SET SQL_MODE=@OLD_SQL_MODE */;
/*!40014 SET FOREIGN_KEY_CHECKS=@OLD_FOREIGN_KEY_CHECKS */;
/*!40014 SET UNIQUE_CHECKS=@OLD_UNIQUE_CHECKS */;
/*!40101 SET CHARACTER_SET_CLIENT=@OLD_CHARACTER_SET_CLIENT */;
/*!40101 SET CHARACTER_SET_RESULTS=@OLD_CHARACTER_SET_RESULTS */;
/*!40101 SET COLLATION_CONNECTION=@OLD_COLLATION_CONNECTION */;
/*!40111 SET SQL_NOTES=@OLD_SQL_NOTES */;

-- Dump completed on 2018-01-10  8:07:33
